id,x,y,url
0,8.69039887618,-10.7732185647,http://ecx.images-amazon.com/images/I/41J6M9BQGPL._SY300_.jpg
1,10.7466812684,14.4918111888,http://ecx.images-amazon.com/images/I/41WGADKHMWL._SY445_.jpg
2,-0.272130008075,12.4005372057,http://ecx.images-amazon.com/images/I/412DBDMXXXL._SY395_.jpg
3,-6.42796556623,18.8225164611,http://ecx.images-amazon.com/images/I/31wPjtG8vmL._SY395_.jpg
4,4.71275367856,-15.9471684233,http://ecx.images-amazon.com/images/I/41GHVSdItEL._SY300_.jpg
5,4.57521399824,2.56543493395,http://ecx.images-amazon.com/images/I/21C9A7YKZ5L.jpg
6,-15.5473842566,-2.18473084712,http://ecx.images-amazon.com/images/I/41QSVJSFRQL._SY395_.jpg
7,-5.2809914422,4.13231656301,http://ecx.images-amazon.com/images/I/415WDR6559L._SY395_.jpg
8,10.8713036954,-6.25502509289,http://ecx.images-amazon.com/images/I/41PGYCTR71L._SX395_.jpg
9,10.3522890022,-1.43340674637,http://ecx.images-amazon.com/images/I/31H4TRA5GJL._SY300_.jpg
10,6.04161876568,-0.287616771108,http://ecx.images-amazon.com/images/I/51jy%2BG3-pLL._SY300_.jpg
11,7.30172432641,-15.0746351059,http://ecx.images-amazon.com/images/I/31D-AbeZ37L.jpg
12,8.78438686646,-2.5626524556,http://ecx.images-amazon.com/images/I/41X0QH9160L._SY300_.jpg
13,-0.380760155993,-1.58749280104,http://ecx.images-amazon.com/images/I/41jTAvLjdgL._SX300_.jpg
14,-7.82194951892,19.0549002602,http://ecx.images-amazon.com/images/I/41n-50lTSeL._SX342_.jpg
15,-7.3673342967,19.4792361008,http://ecx.images-amazon.com/images/I/41Z4SQ4QMXL._SY395_.jpg
16,6.93398168417,13.1725152353,http://ecx.images-amazon.com/images/I/31hU7FFtYXL._SX342_.jpg
17,10.4373059209,0.90715228483,http://ecx.images-amazon.com/images/I/41M6E7SA75L._SY300_.jpg
18,2.61033393643,-8.71499081945,http://ecx.images-amazon.com/images/I/516N6AD4JML._SY395_.jpg
19,-0.349324833164,-16.2737819581,http://ecx.images-amazon.com/images/I/51Zz00fpr9L._SY300_.jpg
20,18.035419675,-11.6142516895,http://ecx.images-amazon.com/images/I/31VGwJXaVKL._SX342_.jpg
21,-11.2733443038,13.3985931108,http://ecx.images-amazon.com/images/I/310W7nlQi9L._SY300_.jpg
22,-4.21609553219,-0.670589161406,http://ecx.images-amazon.com/images/I/31W17TPYKTL.jpg
23,-13.6430894362,-4.16451982862,http://ecx.images-amazon.com/images/I/31N3MQ3BDJL.jpg
24,0.292602891155,-16.1175769286,http://ecx.images-amazon.com/images/I/41paHLhbyIL._SY300_.jpg
25,-3.88915524262,-0.71849840599,http://ecx.images-amazon.com/images/I/41my8mRxDgL._SY395_.jpg
26,-5.23051531312,-1.22405371846,http://ecx.images-amazon.com/images/I/31TWVQ7TRTL._SY395_.jpg
27,-0.487826112251,1.06596094189,http://ecx.images-amazon.com/images/I/41575HP7NZL._SX300_.jpg
28,0.449229962034,10.8435588986,http://ecx.images-amazon.com/images/I/41NUb3tv9cL._SX395_.jpg
29,11.1134220135,-1.98874522204,http://ecx.images-amazon.com/images/I/413fJoqDSeL._SY300_.jpg
30,-1.12475816341,-2.9566237767,http://ecx.images-amazon.com/images/I/41ND6ZZ3F2L._SY395_.jpg
31,4.29530268633,-19.4560962804,http://ecx.images-amazon.com/images/I/31LGOwIo60L._SY300_.jpg
32,-1.3641511934,-8.65652410546,http://ecx.images-amazon.com/images/I/51CNC6SSDFL._SY300_.jpg
33,6.36541302193,-11.2340779748,http://ecx.images-amazon.com/images/I/31Z02U5QI4L._SY300_.jpg
34,7.24426659622,0.532586477491,http://ecx.images-amazon.com/images/I/4194Z4VRPHL._SY300_.jpg
35,5.03889643632,-15.7101120881,http://ecx.images-amazon.com/images/I/31PjAkkQlyL._SY300_.jpg
36,1.77264459584,-3.67352114174,http://ecx.images-amazon.com/images/I/51-EQaZlFNL._SX300_.jpg
37,7.69751828002,-12.6990676373,http://ecx.images-amazon.com/images/I/41NDvk9OMjL._SX300_.jpg
38,-8.40371301141,-5.11131796382,http://ecx.images-amazon.com/images/I/41X01EMAG4L._SY395_.jpg
39,-21.7760365746,21.1142208546,http://ecx.images-amazon.com/images/I/41XSAZIF8TL._SY395_.jpg
40,10.9636200973,-2.48671577878,http://ecx.images-amazon.com/images/I/41TuCX5RCEL._SY300_.jpg
41,-14.3535161085,9.24224795595,http://ecx.images-amazon.com/images/I/316DN-Vc%2BIL._SY445_.jpg
42,10.6049600591,3.26756521099,http://ecx.images-amazon.com/images/I/31680SW1N9L.jpg
43,-12.1040173854,2.66970786796,http://ecx.images-amazon.com/images/I/417S4JY0E3L._SY395_.jpg
44,-6.59351013529,-6.50155036886,http://ecx.images-amazon.com/images/I/516902TMAFL._SY395_.jpg
45,5.51543044566,9.58158679307,http://ecx.images-amazon.com/images/I/41A3MWV2DFL._SY445_.jpg
46,0.669300430088,-13.581816304,http://ecx.images-amazon.com/images/I/31YaHYEBSqL._SY300_.jpg
47,-14.5290759608,0.0523255375213,http://ecx.images-amazon.com/images/I/41RTQAHHCDL._SY395_.jpg
48,-0.614065548967,6.25704820661,http://ecx.images-amazon.com/images/I/41ZVNW5EZCL._SY395_.jpg
49,-1.33697974677,-10.9853619909,http://ecx.images-amazon.com/images/I/51HY6WPH99L._SY300_.jpg
50,6.6909298049,-14.4775863231,http://ecx.images-amazon.com/images/I/31TRGXM2F2L._SY300_.jpg
51,16.1634305456,5.20155557271,http://ecx.images-amazon.com/images/I/51foprQik1L._SX342_.jpg
52,-1.62439320977,-5.40068542277,http://ecx.images-amazon.com/images/I/318M3rfE7OL.jpg
53,-4.64042535616,11.7249837908,http://ecx.images-amazon.com/images/I/31V0N05S39L._SY395_.jpg
54,7.55172300275,-9.62775569527,http://ecx.images-amazon.com/images/I/412WHK3ysAL._SY300_.jpg
55,5.98069509462,-17.061647053,http://ecx.images-amazon.com/images/I/313TKS0GYVL.jpg
56,8.94935254922,-2.939856732,http://ecx.images-amazon.com/images/I/41QWH9AYFPL._SY300_.jpg
57,12.2355184487,-0.728780019,http://ecx.images-amazon.com/images/I/21SWVK5TB3L.jpg
58,16.6145032208,-11.6482189132,http://ecx.images-amazon.com/images/I/41kFKztUyPL._SY445_.jpg
59,9.87116037836,13.9929300788,http://ecx.images-amazon.com/images/I/31WRYeT8AgL._SY445_.jpg
60,-3.65249214299,1.81037291063,http://ecx.images-amazon.com/images/I/41icsc1pRCL._SY395_.jpg
61,-1.18728526584,-1.00821592559,http://ecx.images-amazon.com/images/I/41MDtRja80L._SX300_.jpg
62,0.0258806421201,-3.18069164654,http://ecx.images-amazon.com/images/I/41ZH3PQXCFL.jpg
63,-10.2937539973,4.71325181786,http://ecx.images-amazon.com/images/I/41fRW0wImSL._SY395_.jpg
64,-4.19794567968,3.22607942307,http://ecx.images-amazon.com/images/I/31mf5b-V36L.jpg
65,4.32400923505,-9.8545057633,http://ecx.images-amazon.com/images/I/21U1pvwNOBL.jpg
66,-18.5164615526,5.35553742458,http://ecx.images-amazon.com/images/I/41oEwbZJMyL._SX342_.jpg
67,5.4721067001,-5.11520930374,http://ecx.images-amazon.com/images/I/51f14SwIy%2BL._SY300_.jpg
68,9.4573779401,-6.97912979915,http://ecx.images-amazon.com/images/I/41LMGnnGM4L._SX395_.jpg
69,-2.99054896581,11.0540623958,http://ecx.images-amazon.com/images/I/41GjHyJ2SdL.jpg
70,-0.367122913701,14.934017243,http://ecx.images-amazon.com/images/I/41PRHAY2SCL._SY395_.jpg
71,9.81659832336,-13.806121782,http://ecx.images-amazon.com/images/I/31Z2501996L._SX300_.jpg
72,6.39165644469,-10.0628363228,http://ecx.images-amazon.com/images/I/41NkTdDmy4L._SY300_.jpg
73,0.141850604331,10.5615544413,http://ecx.images-amazon.com/images/I/41lboRmBs8L._SY395_.jpg
74,0.663525099216,-14.8774958298,http://ecx.images-amazon.com/images/I/41P79HfH21L._SY300_.jpg
75,-6.55218316527,-10.0168871907,http://ecx.images-amazon.com/images/I/41B41TDYH5L._SY395_.jpg
76,-15.6572174415,-1.88785182131,http://ecx.images-amazon.com/images/I/41QSVJSFRQL._SY395_.jpg
77,-6.74321645258,-9.74857061547,http://ecx.images-amazon.com/images/I/51KH87H7EJL._SY395_.jpg
78,-0.0429883724721,-6.45291548074,http://ecx.images-amazon.com/images/I/313GO%2BCP0%2BL.jpg
79,2.52125939297,-9.55494366465,http://ecx.images-amazon.com/images/I/31MedGZQqUL._SY300_.jpg
80,2.44600481911,9.12016599254,http://ecx.images-amazon.com/images/I/41DpWy6CRsL._SY445_.jpg
81,18.896232983,-3.62706174434,http://ecx.images-amazon.com/images/I/419W8CNETWL._SY395_.jpg
82,-4.00976666336,-0.648092801291,http://ecx.images-amazon.com/images/I/41SEZKXJG8L._SY395_.jpg
83,-1.54476942032,13.794082458,http://ecx.images-amazon.com/images/I/51jTV46n2XL._SY395_.jpg
84,-11.6631529003,-6.61513840576,http://ecx.images-amazon.com/images/I/41BKSJ78WFL._SY395_.jpg
85,-5.95943145245,19.3975360412,http://ecx.images-amazon.com/images/I/419R-PdgDyL._SY395_.jpg
86,-8.25072785039,-5.20544470903,http://ecx.images-amazon.com/images/I/41JoDN5bTfL._SX395_.jpg
87,-12.2968716824,-2.39516660479,http://ecx.images-amazon.com/images/I/41GJZNDZFVL._SY395_.jpg
88,7.33093499677,1.49468061896,http://ecx.images-amazon.com/images/I/41VqAyAMbQL._SY300_.jpg
89,-7.67160475542,5.13283674082,http://ecx.images-amazon.com/images/I/41oITzBvknL._SY395_.jpg
90,1.72911386568,-12.3952564155,http://ecx.images-amazon.com/images/I/41C40Yf1wxL._SY300_.jpg
91,4.23239707033,0.967340585822,http://ecx.images-amazon.com/images/I/41PAN46QFBL._SY300_.jpg
92,11.6539698197,-4.04906479746,http://ecx.images-amazon.com/images/I/41aMqbdRNlL._SX300_.jpg
93,9.19965237219,5.82522589236,http://ecx.images-amazon.com/images/I/31YQExdjZgL._SX342_.jpg
94,9.52038835861,-6.16443084847,http://ecx.images-amazon.com/images/I/41eF4PX8uJL._SX342_.jpg
95,10.0144244643,1.94681256547,http://ecx.images-amazon.com/images/I/41rlVZrmalL._SY300_.jpg
96,-15.2105039364,-3.0612540148,http://ecx.images-amazon.com/images/I/41q7KoIyinL._SX395_.jpg
97,9.63126415882,-4.1452438686,http://ecx.images-amazon.com/images/I/313TkkdeP9L._SX342_.jpg
98,10.7034458779,1.17822850102,http://ecx.images-amazon.com/images/I/31xVpvPo79L._SY300_.jpg
99,4.94858194177,7.79375619431,http://ecx.images-amazon.com/images/I/41QHB226G4L._SY445_.jpg
100,11.914135741,-1.39559889724,http://ecx.images-amazon.com/images/I/41CcJF4E38L._SY300_.jpg
101,-7.77255573617,-2.26717390541,http://ecx.images-amazon.com/images/I/41C0JTAGK7L._SY395_.jpg
102,-1.6183211742,1.23445231856,http://ecx.images-amazon.com/images/I/41sVgXnqOQL._SX395_.jpg
103,5.90904353129,-11.1352215854,http://ecx.images-amazon.com/images/I/31jApT7TbML._SY300_.jpg
104,-13.2794317991,-7.07855047972,http://ecx.images-amazon.com/images/I/41r62M-NBpL._SY395_.jpg
105,9.00198608388,-2.39257609342,http://ecx.images-amazon.com/images/I/41VMTRTRVZL._SY300_.jpg
106,17.1319717506,-12.691457601,http://ecx.images-amazon.com/images/I/41WNRMzD47L._SY445_.jpg
107,-2.47228878261,19.6533695133,http://ecx.images-amazon.com/images/I/41JRKSX4R9L._SY300_.jpg
108,14.5227902576,-3.27958952033,http://ecx.images-amazon.com/images/I/21AGK4V6MTL.jpg
109,12.1853766068,-1.65646481184,http://ecx.images-amazon.com/images/I/41Vs0D9t2wL._SY300_.jpg
110,14.6813636867,-5.27217167698,http://ecx.images-amazon.com/images/I/31WXZS71DTL._SY300_.jpg
111,-4.5111926971,1.09617647563,http://ecx.images-amazon.com/images/I/41ofWigfvYL._SX395_.jpg
112,-0.102807863009,10.1088244908,http://ecx.images-amazon.com/images/I/41jOGI4zyrL._SY395_.jpg
113,-7.75372193824,5.05688660608,http://ecx.images-amazon.com/images/I/41oITzBvknL._SY395_.jpg
114,-20.431297934,-4.48675216223,http://ecx.images-amazon.com/images/I/414EZY5Sl%2BL._SX342_.jpg
115,-2.49666318103,-4.49889366149,http://ecx.images-amazon.com/images/I/41RADSXB98L._SY395_.jpg
116,0.439188686253,-15.3394687151,http://ecx.images-amazon.com/images/I/51VJHRFJ0QL._SY300_.jpg
117,9.45381969759,-15.3484357085,http://ecx.images-amazon.com/images/I/31R4YcY%2BspL._SY300_.jpg
118,-20.979838956,-4.07493681769,http://ecx.images-amazon.com/images/I/41AowEnGFpL._SX342_.jpg
119,-4.61723723215,2.77356689176,http://ecx.images-amazon.com/images/I/41fi7ki56xL._SX342_.jpg
120,-16.0954600961,-3.45151369593,http://ecx.images-amazon.com/images/I/41G4XY8RV6L._SY395_.jpg
121,1.52292739615,-4.90191376381,http://ecx.images-amazon.com/images/I/41kemECR7TL._SX300_.jpg
122,-7.88505370956,-3.95478343806,http://ecx.images-amazon.com/images/I/41KZQP6SXWL._SY395_.jpg
123,-4.42306421573,12.8153519528,http://ecx.images-amazon.com/images/I/310RNE9YGJL._SY395_.jpg
124,1.00102715972,-11.4305800818,http://ecx.images-amazon.com/images/I/51WiNOIHBnL._SY300_.jpg
125,0.54247844345,-3.9422340194,http://ecx.images-amazon.com/images/I/412BMQ70V3L._SX300_.jpg
126,8.84801663056,0.485323728083,http://ecx.images-amazon.com/images/I/41N20JJG0JL._SY300_.jpg
127,10.9247317195,-0.161792882515,http://ecx.images-amazon.com/images/I/41NMEP7PZYL._SY300_.jpg
128,-0.540361418973,-16.5948164329,http://ecx.images-amazon.com/images/I/41kgY2R5UsL._SY300_.jpg
129,-14.4193005763,3.69033848425,http://ecx.images-amazon.com/images/I/41o0S1RP2sL._SX395_.jpg
130,-5.06952499182,3.01054201097,http://ecx.images-amazon.com/images/I/41vJKZJjLSL._SY395_.jpg
131,-16.0527541004,-1.84998435716,http://ecx.images-amazon.com/images/I/51wI7blkr2L._SX395_.jpg
132,-16.1198989716,-1.42136078085,http://ecx.images-amazon.com/images/I/41HJKNMYG2L._SY395_.jpg
133,-14.6619111561,-4.04673254238,http://ecx.images-amazon.com/images/I/41NJ7AP0SRL._SY395_.jpg
134,8.06554403345,11.3718596594,http://ecx.images-amazon.com/images/I/31MKJXKWWCL._SY445_.jpg
135,-11.3322282865,-0.0193276841943,http://ecx.images-amazon.com/images/I/41CQMSAW27L._SY395_.jpg
136,12.8921376042,-1.42055566561,http://ecx.images-amazon.com/images/I/1121TR2PABL.jpg
137,1.65259096098,-13.0587533617,http://ecx.images-amazon.com/images/I/31WLCw2B9gL._SY300_.jpg
138,6.62785314987,1.98366257069,http://ecx.images-amazon.com/images/I/4152NMQV3JL._SY300_.jpg
139,-21.8997062685,19.4730415472,http://ecx.images-amazon.com/images/I/31S9MWmAOHL._SX342_.jpg
140,-5.07978954727,-0.394911330897,http://ecx.images-amazon.com/images/I/3133XJY2S6L._SY395_.jpg
141,4.51352002706,-7.83944856452,http://ecx.images-amazon.com/images/I/313F45VRS1L._SX300_.jpg
142,5.97311786172,-17.0639215995,http://ecx.images-amazon.com/images/I/31NGJ4GY74L.jpg
143,5.78878753612,1.1024769497,http://ecx.images-amazon.com/images/I/41n3mb74g5L._SY300_.jpg
144,-10.6349190351,13.9539184007,http://ecx.images-amazon.com/images/I/31odzhteGAL._SX342_.jpg
145,6.74879922947,-14.3716333171,http://ecx.images-amazon.com/images/I/318K4M7120L._SY300_.jpg
146,12.3255859493,-2.05356491737,http://ecx.images-amazon.com/images/I/31WRCRQS7AL.jpg
147,-14.1805054102,3.77196463484,http://ecx.images-amazon.com/images/I/41uQM8-foOL._SY395_.jpg
148,1.74276272476,-5.25288850999,http://ecx.images-amazon.com/images/I/31LMi89h8uL._SY300_.jpg
149,14.0877175572,-3.00864781262,http://g-ecx.images-amazon.com/images/G/01/x-site/icons/no-img-sm._CB192198896_.gif
150,-15.8897836005,-2.44028898399,http://ecx.images-amazon.com/images/I/41MTNSHZDKL._SY395_.jpg
151,-6.25897963509,19.6915803693,http://ecx.images-amazon.com/images/I/419R-PdgDyL._SY395_.jpg
152,-9.35261212194,3.93019062259,http://ecx.images-amazon.com/images/I/416DWNJJM3L._SY395_.jpg
153,1.6069808256,-9.63964569961,http://ecx.images-amazon.com/images/I/41kzDR5fWkL._SX300_.jpg
154,12.0973151166,-1.34130872241,http://ecx.images-amazon.com/images/I/219K9H44VEL.jpg
155,-6.91241944349,-5.08751660109,http://ecx.images-amazon.com/images/I/311TPS5385L._SX395_.jpg
156,15.5042915479,-11.4113565141,http://ecx.images-amazon.com/images/I/31wYod4iCbL._SX342_.jpg
157,3.83620603299,10.2045891749,http://ecx.images-amazon.com/images/I/3185ZFXH7QL._SX342_.jpg
158,-2.21771236047,1.54961023798,http://ecx.images-amazon.com/images/I/3152TTUHgOL._SX395_.jpg
159,7.04218882831,2.54992469851,http://ecx.images-amazon.com/images/I/41VDHX4M3WL._SY300_.jpg
160,-0.908183175357,15.6021740703,http://ecx.images-amazon.com/images/I/410VBA20XQL._SY395_.jpg
161,9.84796577969,-1.86746306022,http://ecx.images-amazon.com/images/I/31c1ShS36sL._SY300_.jpg
162,15.5704422151,-10.6145059534,http://ecx.images-amazon.com/images/I/31SMXHjrEsL.jpg
163,9.59931167478,4.1594113536,http://ecx.images-amazon.com/images/I/51zCSuJU5nL._SX342_.jpg
164,7.38158708008,6.1874794053,http://ecx.images-amazon.com/images/I/41SsF5YKcGL._SY445_.jpg
165,-7.87280300787,5.13499797649,http://ecx.images-amazon.com/images/I/41EX5GC023L._SY395_.jpg
166,6.3031985471,-14.4768872018,http://ecx.images-amazon.com/images/I/317S1ffwRML._SY300_.jpg
167,-21.0735976538,-3.64035199398,http://ecx.images-amazon.com/images/I/41-30VmfWFL._SX342_.jpg
168,-9.69066189229,-3.68587756396,http://ecx.images-amazon.com/images/I/41bW%2BXl-rgL._SY395_.jpg
169,-7.56399930434,5.00219829813,http://ecx.images-amazon.com/images/I/41qCKvAWLpL._SY395_.jpg
170,8.73467108949,1.35309205543,http://ecx.images-amazon.com/images/I/41JRKYKQLKL._SY300_.jpg
171,4.72462469628,-12.2716995613,http://ecx.images-amazon.com/images/I/31uRyIllI-L._SX300_.jpg
172,12.0310281925,-1.12971201883,http://ecx.images-amazon.com/images/I/2181TEQA2BL.jpg
173,-12.5596830839,-7.6571823202,http://ecx.images-amazon.com/images/I/41RTQJ19DTL._SY395_.jpg
174,-10.3338426946,-1.54251904987,http://ecx.images-amazon.com/images/I/414Rva2KAJL._SX395_.jpg
175,-10.1046658332,5.52357007287,http://ecx.images-amazon.com/images/I/41dV-x8Qw-L._SY300_.jpg
176,10.4726058093,-13.3261960135,http://ecx.images-amazon.com/images/I/31kM8OTnGkL._SX300_.jpg
177,7.84181302691,13.5177918754,http://ecx.images-amazon.com/images/I/41tpWyNRJ6L._SY445_.jpg
178,-20.8622029679,-5.09432590377,http://ecx.images-amazon.com/images/I/41r0SGsMosL._SX342_.jpg
179,-18.3479683576,5.62145647124,http://ecx.images-amazon.com/images/I/41MfH-qU0RL._SX342_.jpg
180,9.232652278,10.3055869571,http://ecx.images-amazon.com/images/I/51Pb7VNPHOL._SX342_.jpg
181,7.12717767063,-9.91283848239,http://ecx.images-amazon.com/images/I/4100B8A034L._SX300_.jpg
182,7.73773628124,-9.51368153579,http://ecx.images-amazon.com/images/I/41c3%2BXczb4L._SY300_.jpg
183,-10.4965266533,-7.59164080971,http://ecx.images-amazon.com/images/I/41TD8Y4A3JL._SY395_.jpg
184,4.62169729091,-16.7423372395,http://ecx.images-amazon.com/images/I/41flk-JIvNL._SX300_.jpg
185,17.387321067,-10.322051082,http://ecx.images-amazon.com/images/I/415kS7L4frL._SX342_.jpg
186,-10.7154889935,-0.274306398929,http://ecx.images-amazon.com/images/I/41R7MP3PJGL._SY395_.jpg
187,-8.28259904225,17.2188111714,http://ecx.images-amazon.com/images/I/31XM302DFVL._SY395_.jpg
188,9.05667738244,-6.49084097671,http://ecx.images-amazon.com/images/I/418mHNKTY4L._SY300_.jpg
189,-10.7352821232,-1.41137758455,http://ecx.images-amazon.com/images/I/31bzNAc9gUL._SX395_.jpg
190,11.8130572228,-6.1044691225,http://ecx.images-amazon.com/images/I/31G0mGFF-7L._SX300_.jpg
191,14.148583421,1.46901608053,http://ecx.images-amazon.com/images/I/31d0AoQo2xL.jpg
192,0.420106178937,0.018762226173,http://ecx.images-amazon.com/images/I/41gUZACrFNL._SX300_.jpg
193,14.1374336484,-0.132098552671,http://ecx.images-amazon.com/images/I/51KJ0lhuCaL._SY395_.jpg
194,9.41224940799,13.5712409292,http://ecx.images-amazon.com/images/I/51JMJAFP5RL._SY445_.jpg
195,-20.3684114238,-3.5342644055,http://ecx.images-amazon.com/images/I/315JFyJVvSL.jpg
196,-8.19337395602,2.16068989929,http://ecx.images-amazon.com/images/I/41vp54WLkgL._SY395_.jpg
197,-3.69859970801,11.6959218938,http://ecx.images-amazon.com/images/I/417XR7C1DML._SY395_.jpg
198,-5.43616118969,3.99755678939,http://ecx.images-amazon.com/images/I/41JRjCIlGGL._SY395_.jpg
199,9.86278381629,7.15316213646,http://ecx.images-amazon.com/images/I/41QsFgxW%2B7L.jpg
200,-9.16534527433,-5.12723312886,http://ecx.images-amazon.com/images/I/41AJB7582VL._SY395_.jpg
201,8.28078346301,-2.86845375975,http://ecx.images-amazon.com/images/I/419eKfSlI9L._SY300_.jpg
202,-6.03973156741,-0.673856989051,http://ecx.images-amazon.com/images/I/31JpSy2mB5L._SX395_.jpg
203,8.28213756999,-2.48349553515,http://ecx.images-amazon.com/images/I/612G3I68JhL._SX342_.jpg
204,7.06498912927,8.95560296141,http://ecx.images-amazon.com/images/I/211nKsWURzL.jpg
205,-4.45182786679,-2.46127460698,http://ecx.images-amazon.com/images/I/41SA11FBCEL._SY395_.jpg
206,1.83202109589,-8.06477473896,http://ecx.images-amazon.com/images/I/31bPSGdlBQL.jpg
207,-11.0955330715,1.2898557986,http://ecx.images-amazon.com/images/I/41DSNJ401HL._SY395_.jpg
208,1.07530330713,-12.5262688063,http://ecx.images-amazon.com/images/I/31W3Z4ASA2L._SY300_.jpg
209,5.78458251957,5.93643469235,http://ecx.images-amazon.com/images/I/31HmLxOsHuL.jpg
210,-5.8848730509,-7.99292274403,http://ecx.images-amazon.com/images/I/51DSC8VR78L._SY395_.jpg
211,18.2684861948,-11.9101897202,http://ecx.images-amazon.com/images/I/3135Wxpk9mL._SX342_.jpg
212,-1.55704262089,-2.03474230232,http://ecx.images-amazon.com/images/I/419BYMQX7TL._SY395_.jpg
213,3.92924803085,-14.4554385353,http://ecx.images-amazon.com/images/I/31SfUaHKJoL._SY300_.jpg
214,8.10588768843,4.21364530213,http://ecx.images-amazon.com/images/I/51PEPMCRTDL._SX342_.jpg
215,9.05229547297,-12.9665847755,http://ecx.images-amazon.com/images/I/21BCEN75BVL._SY300_.jpg
216,6.77014348323,-1.03835575862,http://ecx.images-amazon.com/images/I/31MAMN51DSL._SY300_.jpg
217,14.0719109298,-3.29865448613,http://ecx.images-amazon.com/images/I/313On7Y-CSL._SY300_.jpg
218,18.9962021152,-11.8645936195,http://ecx.images-amazon.com/images/I/41I0hOZ2kEL._SX342_.jpg
219,-5.06786375353,-0.982159806753,http://ecx.images-amazon.com/images/I/412xc9fnFdL._SY395_.jpg
220,-1.51697206714,-10.6775854727,http://ecx.images-amazon.com/images/I/514AN1PEQML._SY300_.jpg
221,16.5246925355,5.66647364139,http://ecx.images-amazon.com/images/I/518aHUNs0wL._SX342_.jpg
222,-1.36259557799,-8.63713363181,http://ecx.images-amazon.com/images/I/41FC8Y3TF2L.jpg
223,17.3838822212,-11.8156048298,http://ecx.images-amazon.com/images/I/31szFiN-96L._SY445_.jpg
224,3.16062450329,-9.35403474913,http://ecx.images-amazon.com/images/I/31eXmqAvUnL._SY300_.jpg
225,8.239596173,-16.3112515334,http://ecx.images-amazon.com/images/I/31RFQKW6VRL._SX300_.jpg
226,-13.9963367016,-0.168663742806,http://ecx.images-amazon.com/images/I/41EK779A95L._SY395_.jpg
227,13.9042117474,-1.21705206864,http://ecx.images-amazon.com/images/I/41HdXqX56pL._SY300_.jpg
228,4.90262066573,0.57865682666,http://ecx.images-amazon.com/images/I/51DMC55GXWL._SY300_.jpg
229,2.65890312589,-14.6735035714,http://ecx.images-amazon.com/images/I/31zh5n1pRkL._SX300_.jpg
230,0.216352634438,0.404537861843,http://ecx.images-amazon.com/images/I/41mmL17TwnL._SX395_.jpg
231,8.69085334331,8.61890371641,http://ecx.images-amazon.com/images/I/21RT6N3XT1L.jpg
232,-7.00262292311,17.7098424001,http://ecx.images-amazon.com/images/I/31PXT8SXZML._SY395_.jpg
233,-6.77956188487,13.6259941919,http://ecx.images-amazon.com/images/I/31WSXHCJPXL.jpg
234,0.232969960064,-16.8798625911,http://ecx.images-amazon.com/images/I/41qEpuZkFyL._SY300_.jpg
235,-2.56372432083,15.9669622694,http://ecx.images-amazon.com/images/I/31m9VnS7ztL._SY395_.jpg
236,-5.27771253607,3.05779068857,http://ecx.images-amazon.com/images/I/31p8O9P0QIL._SX395_.jpg
237,13.5658630628,1.28041097418,http://ecx.images-amazon.com/images/I/51mhOpS6i9L._SX342_.jpg
238,5.68177716782,-5.52877008111,http://ecx.images-amazon.com/images/I/41uCJR2%2BFTL._SX342_.jpg
239,-2.54451040442,-1.61010681018,http://ecx.images-amazon.com/images/I/41KV55YB29L._SY395_.jpg
240,3.20697223266,-8.68743692369,http://ecx.images-amazon.com/images/I/3155ZKM9T4L._SX300_.jpg
241,-11.5384921904,-4.91545720726,http://ecx.images-amazon.com/images/I/410KPE8Q7GL._SX395_.jpg
242,-8.67224662936,-2.89899450349,http://ecx.images-amazon.com/images/I/31JE5WK1ZKL._SY395_.jpg
243,14.2084347356,-5.0048493571,http://ecx.images-amazon.com/images/I/21BTY9NDQ4L._SY300_.jpg
244,10.3868613443,-13.3298540232,http://ecx.images-amazon.com/images/I/31%2Bw9U8TYSL._SX300_.jpg
245,9.49998750358,-15.0827032146,http://ecx.images-amazon.com/images/I/21YKVBVS9TL._SY300_.jpg
246,1.73511131468,-15.2988184307,http://ecx.images-amazon.com/images/I/319Sy7LasFL._SY300_.jpg
247,1.86160277684,-8.49242813476,http://ecx.images-amazon.com/images/I/4105TZFYD5L._SY395_.jpg
248,8.60831057293,13.406450914,http://ecx.images-amazon.com/images/I/41NJKVJNVHL._SY445_.jpg
249,-2.45743341142,2.24875544109,http://ecx.images-amazon.com/images/I/41EjdwHy-kL._SX342_.jpg
250,5.60604307945,-4.62423936369,http://ecx.images-amazon.com/images/I/31NHxKgUBHL.jpg
251,-3.9007986266,-6.02276783973,http://ecx.images-amazon.com/images/I/41lwqsdEm-L._SX395_.jpg
252,-0.382179746852,-4.81155597819,http://ecx.images-amazon.com/images/I/41MEJ5XZSNL._SX300_.jpg
253,-11.0831407168,-5.43319672507,http://ecx.images-amazon.com/images/I/414t5m2N46L._SX395_.jpg
254,-13.8312588207,1.92481092735,http://ecx.images-amazon.com/images/I/41uzZqMaLOL._SX395_.jpg
255,-1.57418050756,16.25064062,http://ecx.images-amazon.com/images/I/41BKXCY5Y0L._SY395_.jpg
256,-9.63317976494,12.8232761994,http://ecx.images-amazon.com/images/I/31JrWMJgSxL._SY300_.jpg
257,12.3347436046,-5.95038507643,http://ecx.images-amazon.com/images/I/419hO0ycu0L._SX300_.jpg
258,-4.54296245175,-4.28754630538,http://ecx.images-amazon.com/images/I/31jHzBlT39L._SY395_.jpg
259,-10.2085479749,-4.56316206482,http://ecx.images-amazon.com/images/I/41KP3S6KXNL._SY395_.jpg
260,14.9592300057,-13.1928967552,http://ecx.images-amazon.com/images/I/41ozolqjTwL._SX342_.jpg
261,0.685044012196,-15.0916526621,http://ecx.images-amazon.com/images/I/41KMrrKo6aL._SY300_.jpg
262,0.368128269536,-15.9790093848,http://ecx.images-amazon.com/images/I/318M5TNt1aL._SY300_.jpg
263,7.11750620616,-13.930099696,http://ecx.images-amazon.com/images/I/21RA2XHNWAL._SY300_.jpg
264,-0.0586125610747,-15.0661910298,http://ecx.images-amazon.com/images/I/413Ipguks1L._SY300_.jpg
265,-4.40200692296,-6.98177581762,http://ecx.images-amazon.com/images/I/11E5K83YT5L.jpg
266,-13.960599197,9.64377251029,http://ecx.images-amazon.com/images/I/313CzmVqu2L._SY300_.jpg
267,-2.6678544662,0.19283829272,http://ecx.images-amazon.com/images/I/51cU1-UAEdL._SY395_.jpg
268,11.0325188153,-7.07446543103,http://ecx.images-amazon.com/images/I/41bLfimm10L._SX342_.jpg
269,-6.11731793661,10.8111900844,http://ecx.images-amazon.com/images/I/519AGo-LGRL._SX342_.jpg
270,7.12916765807,-9.31414155794,http://ecx.images-amazon.com/images/I/41MTPEbqxPL._SY300_.jpg
271,-1.71898424372,9.05009843639,http://ecx.images-amazon.com/images/I/51GztysqJbL._SX395_.jpg
272,-8.12401401183,3.94115118083,http://ecx.images-amazon.com/images/I/41ZH48XJ04L._SY395_.jpg
273,9.30736028345,-10.8714081195,http://ecx.images-amazon.com/images/I/41kGR7zLlYL._SY300_.jpg
274,-7.66361963153,-3.1263492831,http://ecx.images-amazon.com/images/I/416UN9vdlXL._SX395_.jpg
275,8.92185415184,4.16919967157,http://ecx.images-amazon.com/images/I/413E7YEDE3L._SX342_.jpg
276,10.1732543107,0.870438153739,http://ecx.images-amazon.com/images/I/41H8JTVWPPL._SY300_.jpg
277,11.4435483648,-2.74839917053,http://ecx.images-amazon.com/images/I/4146DD0PTTL._SY300_.jpg
278,9.46989986462,-15.3625973803,http://ecx.images-amazon.com/images/I/31R4YcY%2BspL._SY300_.jpg
279,-11.7365588022,-5.27952831798,http://ecx.images-amazon.com/images/I/41MK54PNR2L.jpg
280,-5.50525284566,20.0941459914,http://ecx.images-amazon.com/images/I/415pQpDSCWL._SY395_.jpg
281,12.4680082257,-5.30008544849,http://ecx.images-amazon.com/images/I/41FW0KBX7SL._SX342_.jpg
282,3.97269473789,10.1192571755,http://ecx.images-amazon.com/images/I/31Uo2AOX4yL._SY445_.jpg
283,12.5108705011,-6.81755386371,http://ecx.images-amazon.com/images/I/31C893JCEBL._SY300_.jpg
284,-7.22897137905,-3.12765680372,http://ecx.images-amazon.com/images/I/41T4KC15N7L._SY395_.jpg
285,1.80827045657,-11.6049109286,http://ecx.images-amazon.com/images/I/41gy9WbITFL._SY300_.jpg
286,-7.0833490578,18.7762997258,http://ecx.images-amazon.com/images/I/417XW1Q5X7L._SY395_.jpg
287,-17.9734327914,5.86260689429,http://ecx.images-amazon.com/images/I/41FiN7%2BUWwL._SX342_.jpg
288,14.9465159587,-13.1353640769,http://ecx.images-amazon.com/images/I/41nUrJ3kYQL._SX342_.jpg
289,5.05455507054,2.23952800156,http://ecx.images-amazon.com/images/I/41938QD3N2L._SY300_.jpg
290,18.0809912297,-11.6278064054,http://ecx.images-amazon.com/images/I/315PFDUGUbL._SX342_.jpg
291,-4.65986971911,19.9734468783,http://ecx.images-amazon.com/images/I/41JIvRhmCLL._SY395_.jpg
292,-14.2910263723,-2.42253655214,http://ecx.images-amazon.com/images/I/11tfdo6DJ0L.jpg
293,4.63065217715,2.5462686138,http://ecx.images-amazon.com/images/I/41SPmXhcN-L._SY300_.jpg
294,7.16344344307,-14.2663577353,http://ecx.images-amazon.com/images/I/2155B7FPHDL._SY300_.jpg
295,6.43459190092,0.711248032875,http://ecx.images-amazon.com/images/I/51GRAKJ87KL._SX300_.jpg
296,-8.02306763939,1.87743995405,http://ecx.images-amazon.com/images/I/31xI0zG-xVL._SX395_.jpg
297,4.97063696531,-15.5669153227,http://ecx.images-amazon.com/images/I/31DD3XjySwL._SX300_.jpg
298,-8.06278290459,17.3878120059,http://ecx.images-amazon.com/images/I/31D13HT1C2L._SY395_.jpg
299,10.1268615482,14.3267395128,http://ecx.images-amazon.com/images/I/5119NJ823ZL._SX342_.jpg
300,-0.730099879473,-3.13058621986,http://ecx.images-amazon.com/images/I/41YEWnM6iZL._SY300_.jpg
301,3.60779712378,-13.0860958744,http://ecx.images-amazon.com/images/I/31sqhc-5-nL._SY300_.jpg
302,-5.51489390134,-5.9218912538,http://ecx.images-amazon.com/images/I/41KYT47R2NL._SY395_.jpg
303,18.6287508859,-11.4290530252,http://ecx.images-amazon.com/images/I/31fqqHTivsL._SX342_.jpg
304,12.937043611,-1.52759211829,http://ecx.images-amazon.com/images/I/314PV7XVWVL.jpg
305,-3.55387035331,-0.256889628797,http://ecx.images-amazon.com/images/I/21dpEvGK5bL._SY395_.jpg
306,5.27263783384,2.11381266186,http://ecx.images-amazon.com/images/I/5126QFDB6FL._SY300_.jpg
307,4.19958008174,-13.57871052,http://ecx.images-amazon.com/images/I/41MG2C68MCL._SX300_.jpg
308,-6.43939964746,-5.77541340898,http://ecx.images-amazon.com/images/I/41F1YCB7XWL._SX395_.jpg
309,9.09415616296,-15.9690583483,http://ecx.images-amazon.com/images/I/21SAQBYDSFL.jpg
310,0.717388716249,0.149263516268,http://ecx.images-amazon.com/images/I/51YXSZ73CVL._SY395_.jpg
311,-10.1453997744,-1.11902743134,http://ecx.images-amazon.com/images/I/414Rva2KAJL._SX395_.jpg
312,16.4107908672,-12.1125652797,http://ecx.images-amazon.com/images/I/41g0TP2spSL._SY445_.jpg
313,13.4060844497,-2.6809634976,http://ecx.images-amazon.com/images/I/31ZHG1CY99L.jpg
314,-20.6224603763,-5.03183499072,http://ecx.images-amazon.com/images/I/41b0CBEYBoL._SX342_.jpg
315,-8.62400428727,-1.90088371462,http://ecx.images-amazon.com/images/I/410Di2mLa4L._SX395_.jpg
316,-4.10494497995,2.88564347073,http://ecx.images-amazon.com/images/I/41QtiTdwORL._SY395_.jpg
317,-0.460273374915,12.9717533343,http://ecx.images-amazon.com/images/I/41uaxsxyRPL._SY395_.jpg
318,9.39332510124,13.9249535884,http://ecx.images-amazon.com/images/I/51P8RJ488BL._SY445_.jpg
319,-3.38247789212,-6.00502979246,http://ecx.images-amazon.com/images/I/41Ywb6MeyvL._SY395_.jpg
320,12.2634034052,-1.57315549627,http://ecx.images-amazon.com/images/I/31R5NPDJQ2L.jpg
321,-5.82108282326,0.468551290748,http://ecx.images-amazon.com/images/I/31JpSy2mB5L._SX395_.jpg
322,3.89121430431,5.42811590955,http://ecx.images-amazon.com/images/I/5125HXP9BML._SX342_.jpg
323,-5.59752249189,-1.08633045547,http://ecx.images-amazon.com/images/I/41HJBMYFTZL._SY395_.jpg
324,-5.25030738172,16.1291445864,http://ecx.images-amazon.com/images/I/41FEZRQ04TL._SY395_.jpg
325,-20.9535810046,-5.16160962676,http://ecx.images-amazon.com/images/I/51iiMx%2BMBKL._SX342_.jpg
326,-2.63607082265,6.71594200329,http://ecx.images-amazon.com/images/I/41E4860GR4L._SY395_.jpg
327,10.9954024483,-2.4308102899,http://ecx.images-amazon.com/images/I/41KC5rSs3gL._SY300_.jpg
328,7.12759241486,-14.3358139709,http://ecx.images-amazon.com/images/I/31Y0ePOY0SL._SY300_.jpg
329,-9.0062547306,-4.98796212443,http://ecx.images-amazon.com/images/I/412TBBMRYFL._SY300_.jpg
330,-5.77060764628,-1.0308948286,http://ecx.images-amazon.com/images/I/31XTcbntKCL._SY395_.jpg
331,-14.466231763,0.321456935533,http://ecx.images-amazon.com/images/I/518VBicjbHL._SX395_.jpg
332,-5.12676292766,12.7354976237,http://ecx.images-amazon.com/images/I/411Y6H7DR7L._SY395_.jpg
333,2.27633511475,-17.6777458924,http://ecx.images-amazon.com/images/I/51R%2BbMd9UVL._SX300_.jpg
334,18.9505128173,-3.63670194862,http://ecx.images-amazon.com/images/I/41TBB52XCTL._SY395_.jpg
335,11.8501477656,1.6761527786,http://ecx.images-amazon.com/images/I/31B1P58VDAL.jpg
336,9.86449112389,-6.0107915921,http://ecx.images-amazon.com/images/I/41585u5hB%2BL._SY395_.jpg
337,-10.14581859,-7.10989194476,http://ecx.images-amazon.com/images/I/41H1ECBQ36L._SY395_.jpg
338,1.85698934328,-10.1290937565,http://ecx.images-amazon.com/images/I/41uhd7T9oeL._SY300_.jpg
339,-0.738660695008,-4.44160011434,http://ecx.images-amazon.com/images/I/41APSGBHK6L._SX300_.jpg
340,8.7158453565,11.5615089096,http://ecx.images-amazon.com/images/I/41BN7T99TEL._SY445_.jpg
341,17.3771126169,-9.32153478967,http://ecx.images-amazon.com/images/I/41ayMpJnX1L._SX342_.jpg
342,-10.9587072691,-6.2191181192,http://ecx.images-amazon.com/images/I/41NBX31S4EL._SY395_.jpg
343,-0.346320143109,-3.0321196074,http://ecx.images-amazon.com/images/I/41vpUdMaBmL._SY395_.jpg
344,-1.29218558703,16.7485007077,http://ecx.images-amazon.com/images/I/41DZ5cRQVjL._SY395_.jpg
345,9.60214519882,0.469762819725,http://ecx.images-amazon.com/images/I/31XYRY57RRL._SY300_.jpg
346,-6.71163288536,-9.80719947222,http://ecx.images-amazon.com/images/I/51X9X0EH4KL._SY395_.jpg
347,7.51563215588,9.43569674907,http://ecx.images-amazon.com/images/I/31WPST6QEML._SY445_.jpg
348,-10.8202654408,-4.295642255,http://ecx.images-amazon.com/images/I/414XH74ZW5L._SY395_.jpg
349,6.00500274878,-0.13225354868,http://ecx.images-amazon.com/images/I/41P3D9ZQNXL._SY300_.jpg
350,-18.5535491706,3.23183536462,http://ecx.images-amazon.com/images/I/21PSl%2BycewL.jpg
351,20.626588096,-4.09376225317,http://ecx.images-amazon.com/images/I/31R8cQp7djL._SX342_.jpg
352,13.5198299174,-0.165070706284,http://ecx.images-amazon.com/images/I/316Jsa9chEL._SY300_.jpg
353,-6.39002734782,-1.77005417786,http://ecx.images-amazon.com/images/I/410YD8MCVML._SY395_.jpg
354,-8.18005437293,-5.81740353761,http://ecx.images-amazon.com/images/I/41SFHQAFPNL._SY395_.jpg
355,6.98786859906,12.3435436646,http://ecx.images-amazon.com/images/I/31J75ZYS06L._SY445_.jpg
356,8.06902175376,-13.7030959291,http://ecx.images-amazon.com/images/I/21QN8TF7PBL._SY300_.jpg
357,5.61894853144,-18.9235876365,http://ecx.images-amazon.com/images/I/41skXpxzITL._SX300_.jpg
358,-5.43702788651,11.2654998612,http://ecx.images-amazon.com/images/I/41RCB8J240L._SY300_.jpg
359,4.27987887836,-3.67822957807,http://ecx.images-amazon.com/images/I/31O-%2BOk-f8L.jpg
360,-8.32916026805,17.4042210856,http://ecx.images-amazon.com/images/I/311EJV0JYPL._SY395_.jpg
361,8.83994436226,1.66964795531,http://ecx.images-amazon.com/images/I/4105R0H52FL._SY300_.jpg
362,9.585288188,-3.76061669493,http://ecx.images-amazon.com/images/I/3172HbvdyAL._SY300_.jpg
363,-3.582100624,3.50968082644,http://ecx.images-amazon.com/images/I/41YQ4CQV20L._SX300_.jpg
364,-14.8742574555,0.237500271325,http://ecx.images-amazon.com/images/I/41MB6Y5Y7DL._SY395_.jpg
365,11.6892262374,9.00023934653,http://ecx.images-amazon.com/images/I/517H8S6WADL._SY395_.jpg
366,9.8231492827,14.1601614704,http://ecx.images-amazon.com/images/I/41BGAYcbZhL._SX342_.jpg
367,-8.53117853742,-1.98559627361,http://ecx.images-amazon.com/images/I/312G1HP5CGL._SY395_.jpg
368,-4.10857372936,-6.66161477643,http://ecx.images-amazon.com/images/I/41TbRsFm8zL._SX300_.jpg
369,12.6337411336,-8.23781757319,http://ecx.images-amazon.com/images/I/51FZRQQVEJL._SY395_.jpg
370,4.65549866997,2.41357880115,http://ecx.images-amazon.com/images/I/410TqwlJ2PL._SY300_.jpg
371,-20.8856762322,-4.96109523695,http://ecx.images-amazon.com/images/I/41acgSdt4XL._SX342_.jpg
372,1.52650949483,-4.85649405083,http://ecx.images-amazon.com/images/I/4136Ro6BjqL._SX300_.jpg
373,-4.794483588,-2.54945641314,http://ecx.images-amazon.com/images/I/418dui6F8IL._SX395_.jpg
374,-14.233886788,-4.64310930284,http://ecx.images-amazon.com/images/I/41BNRA3461L._SY395_.jpg
375,-3.27248852687,1.20329896029,http://ecx.images-amazon.com/images/I/41DKBC4ZBPL._SY395_.jpg
376,10.7730936878,14.2973098236,http://ecx.images-amazon.com/images/I/41Tz3wlPU4L._SY445_.jpg
377,-1.76641548352,0.556790772353,http://ecx.images-amazon.com/images/I/41sVgXnqOQL._SX395_.jpg
378,-1.62775903374,13.6721949082,http://ecx.images-amazon.com/images/I/41MGuSIpJqL._SY395_.jpg
379,8.98528290712,9.57497268503,http://ecx.images-amazon.com/images/I/31%2BLtNTZB3L._SY445_.jpg
380,20.6524938257,-4.21233807551,http://ecx.images-amazon.com/images/I/31NKYWHJORL._SX342_.jpg
381,-6.98635080639,18.0419294912,http://ecx.images-amazon.com/images/I/417UVo2p1fL._SY395_.jpg
382,2.69233905628,-3.25600672805,http://ecx.images-amazon.com/images/I/412P-PH4A2L._SX300_.jpg
383,5.00712067768,-19.2819514825,http://ecx.images-amazon.com/images/I/41e8CHXddoL._SY300_.jpg
384,-12.3126646607,-5.00480802653,http://ecx.images-amazon.com/images/I/41PofaLdaHL._SY395_.jpg
385,8.14549967513,1.23295194913,http://ecx.images-amazon.com/images/I/41Ah2c8KzML._SY300_.jpg
386,-5.23012577575,15.9884155441,http://ecx.images-amazon.com/images/I/41ZIOgZUnoL._SY395_.jpg
387,-14.8063319493,0.460091982268,http://ecx.images-amazon.com/images/I/41dgYvKa3YL._SY395_.jpg
388,-18.7046553461,5.03714594923,http://ecx.images-amazon.com/images/I/311nlWboMRL.jpg
389,-0.29489972739,-9.85788897834,http://ecx.images-amazon.com/images/I/511EdMv60PL._SY300_.jpg
390,7.42392133581,11.4600615145,http://ecx.images-amazon.com/images/I/419N7v9ydhL._SY445_.jpg
391,-11.3332784901,-5.27930005666,http://ecx.images-amazon.com/images/I/417mLhfxF-L._SY395_.jpg
392,-2.04267891125,-0.826992370831,http://ecx.images-amazon.com/images/I/41kmWvIAkJL._SX300_.jpg
393,-7.37216103899,17.335121474,http://ecx.images-amazon.com/images/I/31SIQdB9nXL._SY395_.jpg
394,8.49923880286,-3.07419817243,http://ecx.images-amazon.com/images/I/41mq%2Brn1f2L._SX300_.jpg
395,3.94252319929,-6.84814338113,http://ecx.images-amazon.com/images/I/41y8Nmp8dXL._SY300_.jpg
396,-2.2000420343,19.158183637,http://ecx.images-amazon.com/images/I/41IhAPZ4-HL._SY395_.jpg
397,-2.19461276331,16.1489065502,http://ecx.images-amazon.com/images/I/31zazxVn-mL._SY395_.jpg
398,3.27445111842,-15.8616158347,http://ecx.images-amazon.com/images/I/31OaUSZ%2BVEL._SY300_.jpg
399,-9.40901994138,0.493600610332,http://ecx.images-amazon.com/images/I/41pOygZQfCL._SY395_.jpg
400,-18.5071574109,3.23297896707,http://ecx.images-amazon.com/images/I/41ZjH5ynt5L._SY445_.jpg
401,19.096884492,-11.8605510334,http://ecx.images-amazon.com/images/I/41Mr6waxuvL._SX342_.jpg
402,6.63675480735,-13.5710357449,http://ecx.images-amazon.com/images/I/31HVeM5tXlL._SY300_.jpg
403,12.7288746762,-5.22068621329,http://ecx.images-amazon.com/images/I/315dC9dAOVL._SX342_.jpg
404,9.35923111507,5.06974270953,http://ecx.images-amazon.com/images/I/61R4xc00WZL._SY300_.jpg
405,-14.4753718084,-4.95872329562,http://ecx.images-amazon.com/images/I/51nC0vTozVL._SY395_.jpg
406,-6.56853432354,10.4734358207,http://ecx.images-amazon.com/images/I/51NcFIqa7GL._SY445_.jpg
407,16.5413167776,5.13399134052,http://ecx.images-amazon.com/images/I/41EU3-d3A7L._SY395_.jpg
408,1.91992016749,-17.4078480663,http://ecx.images-amazon.com/images/I/41vSPJlZ6HL._SY300_.jpg
409,-2.82505564569,17.8192615118,http://ecx.images-amazon.com/images/I/41mY0yuzVEL._SY395_.jpg
410,-20.6487208612,-4.6851389723,http://ecx.images-amazon.com/images/I/416sJeKRTkL._SX342_.jpg
411,0.579945521657,-11.4225739703,http://ecx.images-amazon.com/images/I/41Jvc71fZKL._SY300_.jpg
412,-9.50422256407,-3.62261754327,http://ecx.images-amazon.com/images/I/41Wfi3PS7zL._SY395_.jpg
413,-5.9345831446,18.4345927972,http://ecx.images-amazon.com/images/I/41U086VaE4L._SY395_.jpg
414,1.98050595322,-14.8294637897,http://ecx.images-amazon.com/images/I/41J5wYDCeFL._SY300_.jpg
415,12.7879520909,-5.47336573203,http://ecx.images-amazon.com/images/I/31qvbuE%2BAgL._SY300_.jpg
416,-6.68820001135,0.53518922163,http://ecx.images-amazon.com/images/I/41t8gl2BDFL._SY395_.jpg
417,-18.529457481,5.86988186755,http://ecx.images-amazon.com/images/I/410xl7FSK5L._SX342_.jpg
418,7.89912939011,-8.32338957698,http://ecx.images-amazon.com/images/I/41elVPscuPL._SY300_.jpg
419,9.5116831212,-15.3742435119,http://ecx.images-amazon.com/images/I/41eN6HwTMIL._SY300_.jpg
420,-3.77080788681,-1.47165841708,http://ecx.images-amazon.com/images/I/41ciHQXZEuL._SY395_.jpg
421,-14.7974637319,-4.62683136085,http://ecx.images-amazon.com/images/I/41GLCDpTD2L._SY395_.jpg
422,-7.19240068903,-0.889263307095,http://ecx.images-amazon.com/images/I/41Jnk7QkJLL.jpg
423,4.87877884174,-4.20035396415,http://ecx.images-amazon.com/images/I/51TKUR3%2BHoL._SX300_.jpg
424,7.55600795859,-12.9910541805,http://ecx.images-amazon.com/images/I/419lVg8jdYL._SY300_.jpg
425,5.04755572961,-4.21202747165,http://ecx.images-amazon.com/images/I/51x%2BLunOcJL._SX300_.jpg
426,-8.36404012054,-1.11219584593,http://ecx.images-amazon.com/images/I/51xKzjypKzL._SY395_.jpg
427,-1.41085593529,0.767754721259,http://ecx.images-amazon.com/images/I/41F9Xwn6mCL._SY300_.jpg
428,-6.6866074335,17.9397797888,http://ecx.images-amazon.com/images/I/31VAcvNOPoL._SY395_.jpg
429,20.5443358602,-4.09396448694,http://ecx.images-amazon.com/images/I/31a1c25QuLL._SX342_.jpg
430,2.23208199551,-6.74387006846,http://ecx.images-amazon.com/images/I/51LeeOtLQTL._SY300_.jpg
431,10.1690428259,-1.26993458028,http://ecx.images-amazon.com/images/I/31otTX4FTiL._SY300_.jpg
432,-3.75138746508,-3.84606042303,http://ecx.images-amazon.com/images/I/41aAVIrEq0L._SY395_.jpg
433,6.60966943981,10.1767151739,http://ecx.images-amazon.com/images/I/41whe7XZOxL._SY445_.jpg
434,6.07302619568,10.7496888967,http://ecx.images-amazon.com/images/I/41ACJ3WnbUL._SY445_.jpg
435,1.33235241482,-3.54738985735,http://ecx.images-amazon.com/images/I/41cWRBCA6tL._SY300_.jpg
436,-18.0408580138,5.74681784885,http://ecx.images-amazon.com/images/I/41wLn7MwQ2L._SX342_.jpg
437,4.3898087645,1.23929283524,http://ecx.images-amazon.com/images/I/41Rk3UueYfL._SY300_.jpg
438,8.97874076829,9.8253748519,http://ecx.images-amazon.com/images/I/41lsSXgAWhL._SX342_.jpg
439,9.01091695855,0.0270300362206,http://ecx.images-amazon.com/images/I/41XVva-Ks9L._SY300_.jpg
440,-11.3593587064,5.54458429212,http://ecx.images-amazon.com/images/I/51ieXZp2InL._SY395_.jpg
441,-13.7894718996,-1.47708058991,http://ecx.images-amazon.com/images/I/410B8fCJh6L._SY395_.jpg
442,10.0021359424,2.77357797491,http://ecx.images-amazon.com/images/I/51-FwfRsuSL._SY300_.jpg
443,17.3036897052,-12.0402050056,http://ecx.images-amazon.com/images/I/312jB0KbGKL._SY445_.jpg
444,16.7408102198,-12.6961325113,http://ecx.images-amazon.com/images/I/411j7T16xlL._SY445_.jpg
445,7.93012408728,-10.1850031765,http://ecx.images-amazon.com/images/I/417-GeUePFL._SY300_.jpg
446,-11.6201002779,13.0040582221,http://ecx.images-amazon.com/images/I/31maXBuK4PL._SX342_.jpg
447,-5.28075339273,11.520746533,http://ecx.images-amazon.com/images/I/41imkmUToAL._SY395_.jpg
448,6.7170808251,1.89344833481,http://ecx.images-amazon.com/images/I/41J7JHzmwDL._SY300_.jpg
449,7.64124686216,9.12485855266,http://ecx.images-amazon.com/images/I/41If%2Br3WiHL._SX342_.jpg
450,1.4929644159,-17.8382604645,http://ecx.images-amazon.com/images/I/414izh9HUoL._SY300_.jpg
451,1.07073402969,13.5979048573,http://ecx.images-amazon.com/images/I/41QIHW2c3NL._SX395_.jpg
452,9.27101135538,11.1823435048,http://ecx.images-amazon.com/images/I/31NjAwuqqpL._SX342_.jpg
453,-10.5604118097,-7.24655827432,http://ecx.images-amazon.com/images/I/41z8alzE-LL._SY395_.jpg
454,-2.62519795442,2.1227617246,http://ecx.images-amazon.com/images/I/4153sEIuG9L._SX342_.jpg
455,7.11367595153,-3.40726989357,http://ecx.images-amazon.com/images/I/41Nb0rrbTIL._SY300_.jpg
456,5.95657255559,9.70597251124,http://ecx.images-amazon.com/images/I/31Wpy9SDt5L.jpg
457,-12.1973518371,-5.06356311453,http://ecx.images-amazon.com/images/I/41kqusvGAGL._SY395_.jpg
458,-0.571387648658,-15.3042265759,http://ecx.images-amazon.com/images/I/41kdotacHRL._SY300_.jpg
459,-9.92158369272,5.80430961427,http://ecx.images-amazon.com/images/I/51aUQNXCjkL._SY395_.jpg
460,10.1069984887,7.41643905053,http://ecx.images-amazon.com/images/I/41OpXO0gVrL._SX395_.jpg
461,2.16142810512,-15.9502785421,http://ecx.images-amazon.com/images/I/31P0QYxmdiL._SX300_.jpg
462,-9.19853412939,5.58778889938,http://ecx.images-amazon.com/images/I/51KBYYGSLnL._SY395_.jpg
463,-6.17787973546,19.0014608467,http://ecx.images-amazon.com/images/I/41q5fZVpnkL._SY395_.jpg
464,-12.2174317239,1.58409546724,http://ecx.images-amazon.com/images/I/416q0-hcAXL._SY395_.jpg
465,-21.0767494474,-4.54176087802,http://ecx.images-amazon.com/images/I/41EuSpEhyHL._SX342_.jpg
466,-21.0968647094,14.8422287362,http://ecx.images-amazon.com/images/I/41s3pl20RkL._SX342_.jpg
467,5.30788532292,8.08193684003,http://ecx.images-amazon.com/images/I/41grj0-27aL._SY445_.jpg
468,-15.0933680985,-3.4282909747,http://ecx.images-amazon.com/images/I/41zC0io1NEL._SY395_.jpg
469,1.42853618643,-13.2683228906,http://ecx.images-amazon.com/images/I/41wHluh3VUL._SY300_.jpg
470,-2.71063379137,20.4418122128,http://ecx.images-amazon.com/images/I/41V70qyaaNL._SY395_.jpg
471,-18.3974571763,5.72015184044,http://ecx.images-amazon.com/images/I/410xl7FSK5L._SX342_.jpg
472,17.5045376106,-6.847866651,http://ecx.images-amazon.com/images/I/41nTZBzgcYL._SY445_.jpg
473,-14.7976716044,-1.57578473666,http://ecx.images-amazon.com/images/I/41%2B3U2Ei5FL._SY395_.jpg
474,6.56160227957,-5.2228700224,http://ecx.images-amazon.com/images/I/41Lzs%2BigolL._SX342_.jpg
475,9.64823287699,13.6571566858,http://ecx.images-amazon.com/images/I/510-75hahTL._SX342_.jpg
476,18.1274185791,-11.6065734153,http://ecx.images-amazon.com/images/I/31YA58f%2BiJL._SY445_.jpg
477,-5.99084922355,-8.13067345017,http://ecx.images-amazon.com/images/I/51a%2BGMUfnHL._SX395_.jpg
478,10.4013307679,14.4469135062,http://ecx.images-amazon.com/images/I/417ZHsIQFiL._SY445_.jpg
479,-9.80082186128,-8.21102953063,http://ecx.images-amazon.com/images/I/41WFxdzzieL._SY395_.jpg
480,9.76046992565,-6.18919587273,http://ecx.images-amazon.com/images/I/31gYWkte3FL._SX342_.jpg
481,-8.97302199914,5.2483255743,http://ecx.images-amazon.com/images/I/51EOl7IhTYL._SY395_.jpg
482,-6.06986526066,14.9819094883,http://ecx.images-amazon.com/images/I/315ZKmXg%2BYL._SY395_.jpg
483,0.0788301866405,-14.8447432719,http://ecx.images-amazon.com/images/I/419ayv2Td2L._SY300_.jpg
484,7.62105012758,11.5351882905,http://ecx.images-amazon.com/images/I/41B8zayClbL._SY445_.jpg
485,-0.769403640129,11.3824632027,http://ecx.images-amazon.com/images/I/41p6myrn4ZL._SY395_.jpg
486,-2.96035610018,18.0259203201,http://ecx.images-amazon.com/images/I/41XN9ag-e0L._SY395_.jpg
487,4.66604441331,-19.3050783152,http://ecx.images-amazon.com/images/I/51fzjH3IsaL._SY300_.jpg
488,2.85152554706,5.24527373893,http://ecx.images-amazon.com/images/I/41GxwYIKAKL._SX342_.jpg
489,4.80751073715,-13.9378244329,http://ecx.images-amazon.com/images/I/41swR5UevUL._SY300_.jpg
490,-7.32143548072,-0.404969043102,http://ecx.images-amazon.com/images/I/41M74IKgCPL._SY395_.jpg
491,4.45225072633,-16.8950279431,http://ecx.images-amazon.com/images/I/21lgWTIhq0L.jpg
492,-12.2061786006,2.70152091857,http://ecx.images-amazon.com/images/I/41Ja5kMXGOL._SY395_.jpg
493,-8.44428844711,5.11650977866,http://ecx.images-amazon.com/images/I/51EcmusTrgL._SY395_.jpg
494,-0.992970423639,-14.3649552698,http://ecx.images-amazon.com/images/I/31qY-urai4L._SY300_.jpg
495,7.90728312338,5.67860127722,http://ecx.images-amazon.com/images/I/41X3dnO83TL._SX342_.jpg
496,-13.0689671939,-3.72846187588,http://ecx.images-amazon.com/images/I/413X%2BXkTtqL._SY395_.jpg
497,4.69890548563,-16.5116813621,http://ecx.images-amazon.com/images/I/31-BzbN65rL._SY300_.jpg
498,-5.16063239156,17.9529771183,http://ecx.images-amazon.com/images/I/315iiFQ07WL._SY395_.jpg
499,0.175777312706,-15.9839102625,http://ecx.images-amazon.com/images/I/417u%2BKAkcSL._SY300_.jpg
500,-8.27530276801,-5.07991290089,http://ecx.images-amazon.com/images/I/41FG0CkHjGL._SX395_.jpg
501,0.341734078465,10.6290469326,http://ecx.images-amazon.com/images/I/51EhlZCgTML._SY395_.jpg
502,-2.49078603664,10.7609899195,http://ecx.images-amazon.com/images/I/51S999gmewL._SY395_.jpg
503,-2.1140510239,-6.03811796731,http://ecx.images-amazon.com/images/I/41IGDiOTPaL._SX342_.jpg
504,4.50509261503,-19.3145248392,http://ecx.images-amazon.com/images/I/419NatwpTSL._SY300_.jpg
505,3.20943665594,-15.5672009362,http://ecx.images-amazon.com/images/I/41ZW3QU5IfL._SY300_.jpg
506,-0.588371966795,-16.083760351,http://ecx.images-amazon.com/images/I/410BMHOtlcL._SY300_.jpg
507,9.92299072101,2.36419109193,http://ecx.images-amazon.com/images/I/41b9euxibyL._SY300_.jpg
508,-11.613007705,12.9085903182,http://ecx.images-amazon.com/images/I/31LJZ7dHJ5L._SY445_.jpg
509,-11.8151612892,-6.83860720471,http://ecx.images-amazon.com/images/I/41NsHWyR8cL.jpg
510,12.4670100063,-6.34928265108,http://ecx.images-amazon.com/images/I/31NwRf8L9IL._SY395_.jpg
511,-4.65858334918,-7.96250774067,http://ecx.images-amazon.com/images/I/51AWLsNMEFL._SY395_.jpg
512,8.82323402434,-2.18987614594,http://ecx.images-amazon.com/images/I/51hB-k3CZzL._SY395_.jpg
513,5.94232068441,-5.04720206351,http://ecx.images-amazon.com/images/I/51Rl2h4nd6L._SY300_.jpg
514,11.6103551516,8.80816915871,http://ecx.images-amazon.com/images/I/31ptv3TjyEL._SX342_.jpg
515,-0.0726189459162,2.84496932196,http://ecx.images-amazon.com/images/I/31tHmetYLQL._SY300_.jpg
516,15.4812579216,4.72137973803,http://ecx.images-amazon.com/images/I/41aUvM%2BL-AL._SY395_.jpg
517,4.08057141582,-14.7940125194,http://ecx.images-amazon.com/images/I/419PWuk57UL._SY300_.jpg
518,-1.33639244343,16.4569636192,http://ecx.images-amazon.com/images/I/41VtTYOQ-CL._SY395_.jpg
519,16.7255914176,6.03839239419,http://ecx.images-amazon.com/images/I/41hgcSepFZL._SX342_.jpg
520,9.47912617158,4.90528869235,http://ecx.images-amazon.com/images/I/51oeMZyeOeL._SX342_.jpg
521,4.80378395527,7.9589275878,http://ecx.images-amazon.com/images/I/51tRnzaT5FL._SX342_.jpg
522,-4.95747066468,-4.19789976306,http://ecx.images-amazon.com/images/I/51jHRusvj6L._SY395_.jpg
523,7.05040151764,-13.1976667431,http://ecx.images-amazon.com/images/I/41YrVnnWw9L._SY300_.jpg
524,-5.45309590774,11.5214015276,http://ecx.images-amazon.com/images/I/31o6lYNoPrL._SY395_.jpg
525,-7.11884112103,3.47359229816,http://ecx.images-amazon.com/images/I/412DmkDlWDL._SY395_.jpg
526,-4.8722814637,2.63064443843,http://ecx.images-amazon.com/images/I/41IbnhEWYhL._SY395_.jpg
527,-6.02280166551,-4.10309609155,http://ecx.images-amazon.com/images/I/41W3Y3UgR0L._SY395_.jpg
528,-2.90189287677,18.4215053459,http://ecx.images-amazon.com/images/I/41omt4oQ2hL._SY395_.jpg
529,15.3653893689,3.85118309204,http://ecx.images-amazon.com/images/I/51OBUhf5GDL._SY395_.jpg
530,4.98047207064,-2.02761156018,http://ecx.images-amazon.com/images/I/51%2BRtwkMKBL._SX300_.jpg
531,-1.11963227625,17.2219559873,http://ecx.images-amazon.com/images/I/41UGNvKk6fL._SY395_.jpg
532,-2.67941151352,-4.52132024267,http://ecx.images-amazon.com/images/I/41V6mJAkzOL._SY395_.jpg
533,9.09262187325,6.32348159887,http://ecx.images-amazon.com/images/I/51K9hXsKdPL._SY445_.jpg
534,0.74318404691,-15.8311097927,http://ecx.images-amazon.com/images/I/414dfG-YfrL._SY300_.jpg
535,0.2599970524,-1.77573194517,http://ecx.images-amazon.com/images/I/41F7O1VkAuL._SY445_.jpg
536,10.7997585026,-9.55051493006,http://ecx.images-amazon.com/images/I/41snpgXtxML._SX300_.jpg
537,13.3104027452,3.47107243588,http://ecx.images-amazon.com/images/I/41E9ahIDEPL.jpg
538,6.81965160647,10.1926689668,http://ecx.images-amazon.com/images/I/41%2B3jFiuyfL._SY445_.jpg
539,6.53788580005,1.37677721221,http://ecx.images-amazon.com/images/I/4102cAQUfmL._SY300_.jpg
540,9.47473602219,-11.236493514,http://ecx.images-amazon.com/images/I/31sm3cNg6RL._SX300_.jpg
541,12.5729612331,2.31264717427,http://ecx.images-amazon.com/images/I/41Ty1F6nD4L._SY300_.jpg
542,-6.82765390427,3.19401962744,http://ecx.images-amazon.com/images/I/412IV%2BSSDEL._SY395_.jpg
543,-6.76783669104,-2.28795168547,http://ecx.images-amazon.com/images/I/51%2Bh02eCjAL._SY395_.jpg
544,20.6416309264,-4.19850832054,http://ecx.images-amazon.com/images/I/31haCf2UUpL._SX342_.jpg
545,-0.56926716126,10.4689762468,http://ecx.images-amazon.com/images/I/41y2lOyOhXL._SY395_.jpg
546,-2.37090702129,16.078216685,http://ecx.images-amazon.com/images/I/3176nO3DGPL._SY395_.jpg
547,-11.1006362073,3.28099581732,http://ecx.images-amazon.com/images/I/51-eJhshiiL._SY395_.jpg
548,-7.04690578159,1.52692581461,http://ecx.images-amazon.com/images/I/41Hu0VVo%2BeL._SY395_.jpg
549,5.58008947219,-7.24598106421,http://ecx.images-amazon.com/images/I/41Trh4x58OL._SX300_.jpg
550,17.4782410396,-7.02644939292,http://ecx.images-amazon.com/images/I/41RrcOUVYpL._SY445_.jpg
551,-2.16475669203,-11.8639079285,http://ecx.images-amazon.com/images/I/41QlUuEJjWL._SY300_.jpg
552,-3.79246344105,11.4314630135,http://ecx.images-amazon.com/images/I/51V5WYHO32L._SY395_.jpg
553,13.806683769,1.18003513728,http://ecx.images-amazon.com/images/I/51Z2G8I8ErL._SX342_.jpg
554,10.2417429998,-10.0584717312,http://ecx.images-amazon.com/images/I/416LpQg2OSL._SY300_.jpg
555,9.16838614018,-11.1310378354,http://ecx.images-amazon.com/images/I/411V0D7sQwL._SY300_.jpg
556,-10.9736485703,13.208936955,http://ecx.images-amazon.com/images/I/41bydVGXh5L._SX342_.jpg
557,2.04605105925,-3.4160491313,http://ecx.images-amazon.com/images/I/41zSbV2KoAL._SY300_.jpg
558,2.46834008746,-5.04147193059,http://ecx.images-amazon.com/images/I/41%2B6rY4RYKL._SX300_.jpg
559,10.918875666,14.5731919113,http://ecx.images-amazon.com/images/I/51elbJZI2FL._SX342_.jpg
560,14.1461069287,-1.94369449713,http://ecx.images-amazon.com/images/I/41g49LC2K1L._SY300_.jpg
561,-14.175309069,1.11892264263,http://ecx.images-amazon.com/images/I/51qXgxpCY6L._SY395_.jpg
562,7.70584974507,12.2906037398,http://ecx.images-amazon.com/images/I/41PG3frlAZL._SY445_.jpg
563,5.29461525341,-19.176271351,http://ecx.images-amazon.com/images/I/41hj6FebUIL._SY300_.jpg
564,-7.25002054214,-0.0515788124067,http://ecx.images-amazon.com/images/I/41cBGjqIdFL._SY395_.jpg
565,3.47320094375,-12.9286948145,http://ecx.images-amazon.com/images/I/5117MAh51jL._SY300_.jpg
566,14.7771672717,-13.3608981386,http://ecx.images-amazon.com/images/I/51h5u-%2BXh2L._SX342_.jpg
567,9.98637342653,7.37238535063,http://ecx.images-amazon.com/images/I/31Ne9ju-7wL._SY395_.jpg
568,5.13479737674,-1.47238137994,http://ecx.images-amazon.com/images/I/51QqmwgobIL._SY300_.jpg
569,8.11939088368,-0.982395332142,http://ecx.images-amazon.com/images/I/41VisyghgjL._SY300_.jpg
570,8.0948921318,-17.2610033003,http://ecx.images-amazon.com/images/I/412gCZ5oMsL._SY300_.jpg
571,-15.3705788836,-4.04691413842,http://ecx.images-amazon.com/images/I/41vxW1ak6bL._SY395_.jpg
572,-11.3454424781,12.2423853381,http://ecx.images-amazon.com/images/I/31Gi2-yB2-L._SX342_.jpg
573,10.3088972473,-0.0811467001244,http://ecx.images-amazon.com/images/I/31VQIqtpQOL._SY300_.jpg
574,8.25831035322,-16.6051559738,http://ecx.images-amazon.com/images/I/31rLoKBhjnL._SX300_.jpg
575,13.8410113025,-3.04435837538,http://g-ecx.images-amazon.com/images/G/01/x-site/icons/no-img-sm._CB192198896_.gif
576,11.886228463,8.74436825775,http://ecx.images-amazon.com/images/I/41b2hoZW3yL._SX342_.jpg
577,-14.6699686609,8.78456446103,http://ecx.images-amazon.com/images/I/41PeH2Jb1LL._SY395_.jpg
578,-15.6780247707,-5.31824491381,http://ecx.images-amazon.com/images/I/414NcNzMAoL._SY395_.jpg
579,6.86678251308,-0.517738332287,http://ecx.images-amazon.com/images/I/41W3R9U%2BnaL._SY300_.jpg
580,-8.88138786357,-8.57334902681,http://ecx.images-amazon.com/images/I/41-mYiuLayL._SY395_.jpg
581,-16.0123590198,-5.59983041875,http://ecx.images-amazon.com/images/I/41Fg64tFxXL._SY395_.jpg
582,7.91051134083,6.91049196131,http://ecx.images-amazon.com/images/I/61yZTAnANmL._SX342_.jpg
583,-5.36998652665,-5.27963788483,http://ecx.images-amazon.com/images/I/41x8W5x7piL._SY395_.jpg
584,6.80070060939,-16.2328003604,http://ecx.images-amazon.com/images/I/31NtN2cB6XL._SY300_.jpg
585,-5.39002957581,19.6923824388,http://ecx.images-amazon.com/images/I/41f%2BB1fdSzL._SY395_.jpg
586,-4.70258301783,20.3506402171,http://ecx.images-amazon.com/images/I/41qaS1VePiL._SY395_.jpg
587,-5.67516906628,3.99843595904,http://ecx.images-amazon.com/images/I/41FqvqlPROL._SX395_.jpg
588,7.89591110657,-0.160692256543,http://ecx.images-amazon.com/images/I/41M%2BmD9-nSL._SX300_.jpg
589,3.0822090255,10.3985790106,http://ecx.images-amazon.com/images/I/51bD4GykBGL._SX395_.jpg
590,7.79439345666,5.85636837315,http://ecx.images-amazon.com/images/I/41kKJ3Fu7KL._SY395_.jpg
591,8.05023543409,10.9137859809,http://ecx.images-amazon.com/images/I/41v36t5NyUL._SX342_.jpg
592,3.81825527656,-6.62659631006,http://ecx.images-amazon.com/images/I/41Gmpj0uZVL._SY300_.jpg
593,-2.50224889279,20.4884367588,http://ecx.images-amazon.com/images/I/41aLUjWTKKL._SY395_.jpg
594,-11.8820696281,3.33564105144,http://ecx.images-amazon.com/images/I/41t3g8DNLQL._SY395_.jpg
595,-18.3169282054,5.63239228024,http://ecx.images-amazon.com/images/I/31g3gaw7UjL._SX342_.jpg
596,17.2652912666,-8.97532538942,http://ecx.images-amazon.com/images/I/418JBdIB-ZL._SY300_.jpg
597,0.291966153691,-2.98758704326,http://ecx.images-amazon.com/images/I/31KFeWCADWL.jpg
598,-14.4972049821,9.04763272582,http://ecx.images-amazon.com/images/I/41pPnpzLiCL._SX342_.jpg
599,8.20571453185,12.5930504721,http://ecx.images-amazon.com/images/I/51f-pZXj31L._SY300_.jpg
600,1.77631642388,-17.3793286314,http://ecx.images-amazon.com/images/I/417cmEZFq-L._SY300_.jpg
601,-11.441910235,2.4439827058,http://ecx.images-amazon.com/images/I/51Hq7n3KxrL._SY395_.jpg
602,-10.0581131016,-1.83416895654,http://ecx.images-amazon.com/images/I/315Spp-g4kL._SY395_.jpg
603,-14.5912088892,1.16060696198,http://ecx.images-amazon.com/images/I/51i7Y4vJN2L._SY395_.jpg
604,1.6155759193,-7.19763532668,http://ecx.images-amazon.com/images/I/51oljb0FznL._SY395_.jpg
605,-9.36797751136,5.72098126695,http://ecx.images-amazon.com/images/I/51uN6Gq4ksL._SY395_.jpg
606,3.33920541683,-16.6034650367,http://ecx.images-amazon.com/images/I/417CWBr%2Bn9L._SY300_.jpg
607,-7.69908982199,17.9220968442,http://ecx.images-amazon.com/images/I/311mlDf52QL._SY395_.jpg
608,10.738545406,14.5479040676,http://ecx.images-amazon.com/images/I/41%2B07AST%2B5L._SY445_.jpg
609,-13.1678962518,-6.93930414145,http://ecx.images-amazon.com/images/I/41scbs2pWoL._SX395_.jpg
610,-10.1954731413,5.2258013634,http://ecx.images-amazon.com/images/I/51l8IXlW-lL._SY395_.jpg
611,-14.2746903689,-1.7707889491,http://ecx.images-amazon.com/images/I/41KvSAcLZOL._SY395_.jpg
612,15.865497271,4.55977371845,http://ecx.images-amazon.com/images/I/41suBuVSmiL._SY395_.jpg
613,8.20150601316,12.2785080769,http://ecx.images-amazon.com/images/I/31kE796Ed0L._SY445_.jpg
614,2.57157188146,-10.0493420234,http://ecx.images-amazon.com/images/I/31Lo99Z3R7L._SY300_.jpg
615,-3.74317159928,2.08623739058,http://ecx.images-amazon.com/images/I/41ilFoiJDBL._SY395_.jpg
616,-9.57868430146,5.75683741587,http://ecx.images-amazon.com/images/I/51puZYdTJkL._SY395_.jpg
617,5.56122168531,11.893014644,http://ecx.images-amazon.com/images/I/31cwnl2DrVL._SY300_.jpg
618,1.76875937353,-10.5124201467,http://ecx.images-amazon.com/images/I/41Jv6k4FjwL._SY300_.jpg
619,-9.21759600063,-4.63679708827,http://ecx.images-amazon.com/images/I/41H4QOiLj2L._SY395_.jpg
620,-8.29574858476,-0.29012827473,http://ecx.images-amazon.com/images/I/41n4GQQJEtL._SX395_.jpg
621,-5.80232373273,19.330491772,http://ecx.images-amazon.com/images/I/41aIPxKRM2L._SY395_.jpg
622,16.8110822635,4.98863714175,http://ecx.images-amazon.com/images/I/51fXHuHblLL._SX395_.jpg
623,-3.98752190998,-5.91159432606,http://ecx.images-amazon.com/images/I/41KGGAFW5wL._SY395_.jpg
624,10.8459599965,4.24411734106,http://ecx.images-amazon.com/images/I/41Chsu5yYSL._SX342_.jpg
625,-2.16012738869,16.5998770621,http://ecx.images-amazon.com/images/I/41pycP7-KYL._SY395_.jpg
626,20.2662988656,-3.69940256149,http://ecx.images-amazon.com/images/I/41mQlXD6JBL._SX342_.jpg
627,-3.30329548512,18.0175197932,http://ecx.images-amazon.com/images/I/41loTAHuNkL._SY395_.jpg
628,-8.74416792749,5.40453334156,http://ecx.images-amazon.com/images/I/51OaTONIC1L._SY395_.jpg
629,-2.19402004909,19.0711295846,http://ecx.images-amazon.com/images/I/41goZ1tmBgL._SY395_.jpg
630,17.5266888567,-6.79290189799,http://ecx.images-amazon.com/images/I/5147sBbMxOL._SY445_.jpg
631,-11.9386660541,-2.12926320086,http://ecx.images-amazon.com/images/I/417sSPfU9OL._SY395_.jpg
632,1.05230446856,16.5172674143,http://ecx.images-amazon.com/images/I/51X2QB6rqnL._SY395_.jpg
633,-6.38142936839,3.24443122848,http://ecx.images-amazon.com/images/I/41DeoyKkGFL._SY395_.jpg
634,1.34151686601,15.7094412007,http://ecx.images-amazon.com/images/I/41UHp56Y-0L._SY395_.jpg
635,9.37897971201,10.9712140547,http://ecx.images-amazon.com/images/I/41eMMJEa5gL._SX342_.jpg
636,6.32067969789,-18.3724576315,http://ecx.images-amazon.com/images/I/311uw2gOdJL._SY300_.jpg
637,4.88581024381,-2.14547051024,http://ecx.images-amazon.com/images/I/51aBUFWcxtL._SX300_.jpg
638,10.5312062392,14.4463714423,http://ecx.images-amazon.com/images/I/41QQ%2Br7XBuL._SY445_.jpg
639,3.05110021811,-5.70253619801,http://ecx.images-amazon.com/images/I/41fFXEJhTwL._SX300_.jpg
640,-2.43427329259,8.02247988759,http://ecx.images-amazon.com/images/I/51zrbiHk1XL._SY395_.jpg
641,-12.9334066862,-7.32715766917,http://ecx.images-amazon.com/images/I/41KhUb6jlmL._SX342_.jpg
642,8.92722042441,-0.885849285549,http://ecx.images-amazon.com/images/I/41SSl6s6fxL._SY300_.jpg
643,7.24774431249,-16.0848391641,http://ecx.images-amazon.com/images/I/31T81lRjrhL._SY300_.jpg
644,7.29708482217,-9.12150293919,http://ecx.images-amazon.com/images/I/51A3bkXNwwL._SY300_.jpg
645,16.7558958987,6.21842001054,http://ecx.images-amazon.com/images/I/41gEXqd1bGL._SY395_.jpg
646,-2.62721042507,6.81146103557,http://ecx.images-amazon.com/images/I/31zhHL%2BAy6L._SY395_.jpg
647,-20.341527522,-5.24061434712,http://ecx.images-amazon.com/images/I/41CtQYmpxQL._SY445_.jpg
648,-21.5536496385,-5.44632317747,http://ecx.images-amazon.com/images/I/51AkQ%2BeeZYL._SX342_.jpg
649,-15.6030297284,-5.0019626681,http://ecx.images-amazon.com/images/I/41mz5od%2BR-L._SY395_.jpg
650,-10.1726824212,5.57312303535,http://ecx.images-amazon.com/images/I/51KmkPlHRqL._SY395_.jpg
651,10.7620291429,5.8689124982,http://ecx.images-amazon.com/images/I/41NTaWCJMKL._SX342_.jpg
652,2.23024965727,-15.392749554,http://ecx.images-amazon.com/images/I/413VtwlwRKL._SY300_.jpg
653,-1.59754792416,-2.64023320708,http://ecx.images-amazon.com/images/I/41ht-a%2BP6mL._SX395_.jpg
654,16.6352724303,5.68937541629,http://ecx.images-amazon.com/images/I/51wOacIkX1L._SX395_.jpg
655,5.86102888145,1.94937321179,http://ecx.images-amazon.com/images/I/41TW9GVr7XL._SY300_.jpg
656,4.16624513459,-9.88050766171,http://ecx.images-amazon.com/images/I/31%2ByhSWFPHL._SY300_.jpg
657,-6.49788137696,10.5083519361,http://ecx.images-amazon.com/images/I/51v280dnMtL._SY300_.jpg
658,6.46757800437,-5.15209873224,http://ecx.images-amazon.com/images/I/41pheHxzIlL.jpg
659,7.77946380146,-10.4708766643,http://ecx.images-amazon.com/images/I/31GnEQrYPqL._SX300_.jpg
660,2.92477152669,-17.6482643579,http://ecx.images-amazon.com/images/I/31Vj7NrxClL._SY300_.jpg
661,-8.05228966711,16.3705697688,http://ecx.images-amazon.com/images/I/31uyuP6ucxL._SY395_.jpg
662,-10.8873688581,-6.13015825586,http://ecx.images-amazon.com/images/I/41B9hig1TLL._SY395_.jpg
663,-4.76213166383,-2.8330519825,http://ecx.images-amazon.com/images/I/41pqLFgdvOL._SY395_.jpg
664,-5.99178627095,16.7390688698,http://ecx.images-amazon.com/images/I/41btwxJtkUL._SY395_.jpg
665,-7.06269188727,-3.73618336635,http://ecx.images-amazon.com/images/I/41c5WQA%2BN4L._SY395_.jpg
666,2.96705941318,-10.9927707455,http://ecx.images-amazon.com/images/I/31NwCWMtE3L._SY300_.jpg
667,-12.1696893264,-1.12048093591,http://ecx.images-amazon.com/images/I/41qBqJmVV3L._SY395_.jpg
668,-20.869161874,-5.10464960834,http://ecx.images-amazon.com/images/I/41xKdYyrQVL._SX342_.jpg
669,-20.779230728,-5.0956326623,http://ecx.images-amazon.com/images/I/51vv-M-U4wL._SX342_.jpg
670,20.590997203,-4.18826931463,http://ecx.images-amazon.com/images/I/31EQQ0Og09L.jpg
671,-0.851138625802,-15.5443154359,http://ecx.images-amazon.com/images/I/417BhIfNmrL._SY300_.jpg
672,8.16696449084,10.3076858043,http://ecx.images-amazon.com/images/I/31BQ18MT4jL._SY445_.jpg
673,-14.16402121,-3.78020557314,http://ecx.images-amazon.com/images/I/41MSZ9QRQTL._SY395_.jpg
674,9.55978175765,5.57108298655,http://ecx.images-amazon.com/images/I/41iITKkpMAL._SX342_.jpg
675,5.37626368783,-7.7291700391,http://ecx.images-amazon.com/images/I/51JuJtcxAxL._SY300_.jpg
676,7.58662818622,12.3125803105,http://ecx.images-amazon.com/images/I/41w5pyszNtL._SY445_.jpg
677,-2.03016872597,-13.2929929224,http://ecx.images-amazon.com/images/I/41Zr9X-riBL._SY300_.jpg
678,-4.39741556232,11.072421733,http://ecx.images-amazon.com/images/I/41lk79Rm8zL._SY395_.jpg
679,-7.74221898277,-7.80414665695,http://ecx.images-amazon.com/images/I/412athCfQ8L._SX395_.jpg
680,-1.06525788055,-2.83708483807,http://ecx.images-amazon.com/images/I/51-74QrETrL._SY395_.jpg
681,8.67546084665,8.4339076693,http://ecx.images-amazon.com/images/I/414ZwGgk3SL._SY445_.jpg
682,14.5941470754,4.59678890092,http://ecx.images-amazon.com/images/I/41tT4eeCgYL._SX300_.jpg
683,0.247047925322,16.1466543752,http://ecx.images-amazon.com/images/I/41iBON1D2ZL._SY395_.jpg
684,-12.3300374562,1.2409483042,http://ecx.images-amazon.com/images/I/413vM9diB9L._SY395_.jpg
685,-2.53458007182,18.2725846208,http://ecx.images-amazon.com/images/I/41wEZvLqHIL._SY395_.jpg
686,17.3558733946,6.32052946365,http://ecx.images-amazon.com/images/I/514SRcCn3RL._SY395_.jpg
687,13.3332462299,-2.21237447369,http://g-ecx.images-amazon.com/images/G/01/img12/WATCHES/HQP/08/WatchStore-fashion-hqp-75x75._SS75_V391011707_.png
688,5.37145540749,1.8150627152,http://ecx.images-amazon.com/images/I/51LRSZM9MkL._SY300_.jpg
689,13.0881691601,-6.16733048779,http://ecx.images-amazon.com/images/I/31Cdyf4-r1L.jpg
690,-3.36748445665,-1.04653549663,http://ecx.images-amazon.com/images/I/41CV3kIOCML._SX395_.jpg
691,-14.8379959422,-4.79487052438,http://ecx.images-amazon.com/images/I/41Yxc19dWdL._SY395_.jpg
692,-12.2701756747,12.4759683844,http://ecx.images-amazon.com/images/I/312D-epZd%2BL._SY445_.jpg
693,11.131034311,5.99409567806,http://ecx.images-amazon.com/images/I/51zXqSK4TyL._SX342_.jpg
694,-10.3629255615,13.0013268089,http://ecx.images-amazon.com/images/I/41ZP-MZiO%2BL._SX342_.jpg
695,-11.4080797464,11.8813978359,http://ecx.images-amazon.com/images/I/310MbZYpQIL._SX342_.jpg
696,5.87818169499,-3.81585443871,http://ecx.images-amazon.com/images/I/31sNgfvTMdL.jpg
697,-7.3761086451,16.8113599518,http://ecx.images-amazon.com/images/I/313hHOxYucL._SY395_.jpg
698,16.595975307,-12.4030095974,http://ecx.images-amazon.com/images/I/41FTvQlpKhL._SY445_.jpg
699,6.82623292601,6.19191888416,http://ecx.images-amazon.com/images/I/51b0A%2B9NDYL._SX342_.jpg
700,0.48959819883,17.2437478087,http://ecx.images-amazon.com/images/I/41peJ793q5L._SY395_.jpg
701,13.2144424856,0.139486752651,http://ecx.images-amazon.com/images/I/51j%2BDfkGuUL._SX395_.jpg
702,10.0059852471,4.0947151219,http://ecx.images-amazon.com/images/I/31lcT9m8lOL._SY445_.jpg
703,11.5722371048,-6.11504265062,http://ecx.images-amazon.com/images/I/41Uvx4BtpcL._SY300_.jpg
704,-11.3985496866,12.2610350929,http://ecx.images-amazon.com/images/I/31gUjWmy2qL._SX342_.jpg
705,4.2698360626,-10.9856307301,http://ecx.images-amazon.com/images/I/31VcXxhMpOL._SX300_.jpg
706,-10.4619216374,5.50419755833,http://ecx.images-amazon.com/images/I/51-GVRyPM4L._SX395_.jpg
707,2.33449115194,-14.6960465412,http://ecx.images-amazon.com/images/I/41Ydaqs2n1L._SY300_.jpg
708,-2.26378042181,19.6362560683,http://ecx.images-amazon.com/images/I/41RzPSgYZzL._SY395_.jpg
709,-11.9186173963,-2.94363781225,http://ecx.images-amazon.com/images/I/41l%2Busm5KjL._SY395_.jpg
710,-12.6530839894,-5.26192001518,http://ecx.images-amazon.com/images/I/41SPo6uLFRL._SY395_.jpg
711,-21.0410806896,-4.6615590008,http://ecx.images-amazon.com/images/I/41u8O5JeaoL._SX342_.jpg
712,-4.39975921813,9.66432888694,http://ecx.images-amazon.com/images/I/41JV7dxC-mL._SY395_.jpg
713,-1.00172570504,13.7369128761,http://ecx.images-amazon.com/images/I/41RXmlBTeyL._SY395_.jpg
714,8.28018025845,10.5964578893,http://ecx.images-amazon.com/images/I/31Rp1r3hGrL._SY300_.jpg
715,20.6214671621,-4.1917641956,http://ecx.images-amazon.com/images/I/31L4q9Hf3JL._SX342_.jpg
716,-5.30186313257,17.3854384017,http://ecx.images-amazon.com/images/I/41HFTIoAgxL._SY395_.jpg
717,-2.0284996027,9.00308575655,http://ecx.images-amazon.com/images/I/41BI3RDFvsL._SY395_.jpg
718,17.4629487355,-8.77168240222,http://ecx.images-amazon.com/images/I/41Igs34HNNL._SY445_.jpg
719,9.40977046998,-9.26174007076,http://ecx.images-amazon.com/images/I/41KOuBCoN5L._SX300_.jpg
720,-5.68503532721,20.1899375905,http://ecx.images-amazon.com/images/I/41bqZKMpWTL._SY395_.jpg
721,4.92414668645,7.70322481878,http://ecx.images-amazon.com/images/I/51g1EHKVpNL._SX342_.jpg
722,-4.93314971078,8.99189254205,http://ecx.images-amazon.com/images/I/51y4uqA4niL._SY395_.jpg
723,-6.31008401563,0.13892657325,http://ecx.images-amazon.com/images/I/411GC6-PnOL._SY395_.jpg
724,-0.934071998306,17.2700679457,http://ecx.images-amazon.com/images/I/41t7gzqaPUL._SY395_.jpg
725,17.8490910827,-11.7394907325,http://ecx.images-amazon.com/images/I/31z%2BJMkPs-L._SX342_.jpg
726,-0.230372717821,-12.3323559617,http://ecx.images-amazon.com/images/I/410oHl%2BenPL._SY300_.jpg
727,-11.5919662833,2.67261817278,http://ecx.images-amazon.com/images/I/51QreqYkhTL._SY395_.jpg
728,14.5821938092,-1.46982132241,http://ecx.images-amazon.com/images/I/41IsY-xV44L._SY300_.jpg
729,-8.01735895144,-5.69330056614,http://ecx.images-amazon.com/images/I/41UrfiXbpSL._SY395_.jpg
730,-8.8087470279,5.23787647043,http://ecx.images-amazon.com/images/I/41hiAvLRQ5L._SY395_.jpg
731,3.40766864997,-12.1437344634,http://ecx.images-amazon.com/images/I/41S8kEonVLL._SY300_.jpg
732,10.0949591983,14.2313563778,http://ecx.images-amazon.com/images/I/41llJGlF5wL._SX342_.jpg
733,-7.89178060663,-3.57869416772,http://ecx.images-amazon.com/images/I/21xApzUA1tL.jpg
734,9.23247472382,-3.58004646776,http://ecx.images-amazon.com/images/I/31IHXWbVYyL._SX300_.jpg
735,-3.33814088652,-3.06751238593,http://ecx.images-amazon.com/images/I/41DUJ0WJmSL._SY395_.jpg
736,-12.6912695712,2.86870429359,http://ecx.images-amazon.com/images/I/41x37TEjtDL._SY395_.jpg
737,-2.6734655947,9.27855657082,http://ecx.images-amazon.com/images/I/51dYijf8YcL._SY395_.jpg
738,-1.76603261622,18.1797183427,http://ecx.images-amazon.com/images/I/41FWYi4oKQL._SY395_.jpg
739,15.1743566299,3.71500679669,http://ecx.images-amazon.com/images/I/519v2Zgvp3L._SY395_.jpg
740,-3.1159838764,2.13329545168,http://ecx.images-amazon.com/images/I/310ExmAGr9L._SX395_.jpg
741,-1.68742988571,-13.848013593,http://ecx.images-amazon.com/images/I/41SA9JV3gjL._SY300_.jpg
742,0.0501764501272,10.4284246424,http://ecx.images-amazon.com/images/I/41%2BsXk4BKqL._SY395_.jpg
743,-9.1414632013,0.925648552776,http://ecx.images-amazon.com/images/I/418OC%2BtoPeL._SY395_.jpg
744,-7.16829724334,3.3678514719,http://ecx.images-amazon.com/images/I/51ptt6FPZbL._SY395_.jpg
745,-1.28719811104,-13.8332204154,http://ecx.images-amazon.com/images/I/51IKlAeOALL._SY300_.jpg
746,15.5848183228,-12.9206813713,http://ecx.images-amazon.com/images/I/41XH31pCgcL._SY300_.jpg
747,9.49729541148,3.95487633843,http://ecx.images-amazon.com/images/I/51q-UXl0j8L._SX300_.jpg
748,-15.2653409516,-4.48058840471,http://ecx.images-amazon.com/images/I/41yOb%2BM29lL._SY395_.jpg
749,10.5517813207,2.7550691741,http://ecx.images-amazon.com/images/I/51xKoBbASGL._SX342_.jpg
750,-6.97673576827,17.9748900733,http://ecx.images-amazon.com/images/I/417UVo2p1fL._SY395_.jpg
751,1.43174124453,-12.6246323494,http://ecx.images-amazon.com/images/I/41rTU4nnQrL._SY300_.jpg
752,0.116321224047,15.2567945363,http://ecx.images-amazon.com/images/I/31rO9B6tL2L._SY395_.jpg
753,3.20319361056,-9.01320220037,http://ecx.images-amazon.com/images/I/31h0O0kajSL._SY300_.jpg
754,16.2807560212,-13.38165404,http://ecx.images-amazon.com/images/I/41EijAXeupL._SY445_.jpg
755,5.22849624621,-11.3728829752,http://ecx.images-amazon.com/images/I/21o%2B-WNgblL._SY300_.jpg
756,4.27545214389,-12.8961722412,http://ecx.images-amazon.com/images/I/41EbffKxePL._SY300_.jpg
757,6.28248642655,-0.130824725161,http://ecx.images-amazon.com/images/I/41LaCnaHKLL._SY300_.jpg
758,7.06357551894,8.29346747969,http://ecx.images-amazon.com/images/I/416-I69o7LL._SX342_.jpg
759,-6.78370878012,15.226115343,http://ecx.images-amazon.com/images/I/31wQs-v2DcL._SX342_.jpg
760,-10.5894398739,-3.52323469859,http://ecx.images-amazon.com/images/I/41PqhwBOGGL._SY395_.jpg
761,3.50353613752,5.0398374924,http://ecx.images-amazon.com/images/I/41fW0oIM%2BHL._SX300_.jpg
762,3.340523095,-10.4114456189,http://ecx.images-amazon.com/images/I/51hmS3RTDbL._SY300_.jpg
763,-2.0057847984,20.5739862168,http://ecx.images-amazon.com/images/I/415R7mYwqzL._SY395_.jpg
764,2.82284733069,-5.99794504381,http://ecx.images-amazon.com/images/I/41eEdz6RTkL._SY300_.jpg
765,7.32611355635,6.03877711882,http://ecx.images-amazon.com/images/I/41lzT6tfHqL._SY395_.jpg
766,-0.188730226947,17.2061936394,http://ecx.images-amazon.com/images/I/51jXFJg0sJL._SY395_.jpg
767,6.35921413442,-0.755507543497,http://ecx.images-amazon.com/images/I/41Fw6LbqvoL._SY300_.jpg
768,2.3897182897,-3.16509497451,http://ecx.images-amazon.com/images/I/41IjFQKsDIL._SY300_.jpg
769,-2.44704425407,7.84919181785,http://ecx.images-amazon.com/images/I/516kPNDr5nL._SY395_.jpg
770,-3.21026931269,-13.2148570378,http://ecx.images-amazon.com/images/I/51LXn3MYOOL._SY395_.jpg
771,-1.48004984066,0.730992139818,http://ecx.images-amazon.com/images/I/31SB9HpX3WL._SY300_.jpg
772,-14.9677200543,2.56584973483,http://ecx.images-amazon.com/images/I/41Vuu2C1kEL._SY395_.jpg
773,-1.75679107138,15.3594214142,http://ecx.images-amazon.com/images/I/41HlbF%2BgM7L._SY395_.jpg
774,-6.90441239165,-1.19189189968,http://ecx.images-amazon.com/images/I/41-KcToeaiL._SY395_.jpg
775,16.6753431366,-11.3362662369,http://ecx.images-amazon.com/images/I/41oB3FHrexL._SY445_.jpg
776,7.58110161546,11.3281170422,http://ecx.images-amazon.com/images/I/41yhfBpV6aL._SX342_.jpg
777,-4.5326158346,19.2579229502,http://ecx.images-amazon.com/images/I/31-IgkJeraL._SY395_.jpg
778,16.193670602,-12.0267244398,http://ecx.images-amazon.com/images/I/41bdc77eXrL._SX342_.jpg
779,-5.60983214809,19.3256514148,http://ecx.images-amazon.com/images/I/412hGykCi1L._SY395_.jpg
780,-13.856035473,-4.50012885795,http://ecx.images-amazon.com/images/I/41UMcW2GgAL._SY395_.jpg
781,5.17080176887,-14.5195832028,http://ecx.images-amazon.com/images/I/41rS%2BgZ%2BptL._SY300_.jpg
782,-2.89428156731,12.5757861766,http://ecx.images-amazon.com/images/I/41HcbYcO%2BeL._SY395_.jpg
783,20.3515249721,-3.98442850491,http://ecx.images-amazon.com/images/I/31TgmTLET5L._SX342_.jpg
784,10.4646040456,-8.83403811837,http://ecx.images-amazon.com/images/I/41tB46%2BiHIL._SY300_.jpg
785,-11.2334995638,2.39558285235,http://ecx.images-amazon.com/images/I/51G6IzhOODL._SX395_.jpg
786,12.5134840288,1.22411137802,http://ecx.images-amazon.com/images/I/51ALuoh9IwL._SY445_.jpg
787,-13.0937512072,-7.07680893305,http://ecx.images-amazon.com/images/I/41BABvVYSGL._SY395_.jpg
788,-18.3937868567,5.73584711749,http://ecx.images-amazon.com/images/I/41F%2BnPNaMiL._SY445_.jpg
789,-4.17725099451,11.566781669,http://ecx.images-amazon.com/images/I/41S8zlY7KuL._SY395_.jpg
790,17.031696233,-7.82022951538,http://ecx.images-amazon.com/images/I/31Pn2urVukL._SY300_.jpg
791,-6.24766491737,20.207565854,http://ecx.images-amazon.com/images/I/41y8sO8eOmL._SY395_.jpg
792,-9.6213719678,12.7151134162,http://ecx.images-amazon.com/images/I/41ZaXaUTGOL._SX342_.jpg
793,-14.886021976,0.738419258371,http://ecx.images-amazon.com/images/I/519vxJrihcL._SY395_.jpg
794,5.96913552394,-13.467764106,http://ecx.images-amazon.com/images/I/41tT8-qVkRL._SY300_.jpg
795,10.4559700882,9.22334567969,http://ecx.images-amazon.com/images/I/31vt53cDOdL.jpg
796,-4.22430907837,9.57425063595,http://ecx.images-amazon.com/images/I/41mpKygNHBL._SY395_.jpg
797,-8.83867054563,-4.84270176566,http://ecx.images-amazon.com/images/I/41zhN7LOPJL._SX395_.jpg
798,-5.98441492019,19.3767256313,http://ecx.images-amazon.com/images/I/41aIPxKRM2L._SY395_.jpg
799,9.1455102438,4.65206392796,http://ecx.images-amazon.com/images/I/51FiityrD%2BL._SX342_.jpg
800,-11.9853111395,-1.14180583804,http://ecx.images-amazon.com/images/I/31chFKZVQvL._SX395_.jpg
801,-16.2519992115,-2.41025422261,http://ecx.images-amazon.com/images/I/41v%2BuzkovNL._SY395_.jpg
802,7.87813513461,8.17288544915,http://ecx.images-amazon.com/images/I/417QGBH7nuL._SY445_.jpg
803,12.6689937052,2.60083290718,http://ecx.images-amazon.com/images/I/51cujYOnLML._SX395_.jpg
804,4.84543907276,7.59436368436,http://ecx.images-amazon.com/images/I/41w-jugWQML._SY445_.jpg
805,-0.19888280472,17.1717473771,http://ecx.images-amazon.com/images/I/41KC2P1gbqL._SY395_.jpg
806,-11.9290407626,-0.219701490911,http://ecx.images-amazon.com/images/I/41nANAsVrCL._SY395_.jpg
807,9.52352792243,-15.3449932201,http://ecx.images-amazon.com/images/I/21ded%2BAPuQL.jpg
808,-12.3188846483,0.831803795607,http://ecx.images-amazon.com/images/I/41E6a0snX9L._SY395_.jpg
809,-13.7658406394,-0.22409497909,http://ecx.images-amazon.com/images/I/41UAxTqm4hL._SY395_.jpg
810,-1.89114378599,-3.13779882248,http://ecx.images-amazon.com/images/I/514x5lb9ayL._SY395_.jpg
811,-8.24089613244,18.8601505026,http://ecx.images-amazon.com/images/I/410CZ6HRHTL._SY395_.jpg
812,5.78228690262,9.49359380518,http://ecx.images-amazon.com/images/I/51Od0zyH5yL._SX342_.jpg
813,-8.06925580476,17.3509853613,http://ecx.images-amazon.com/images/I/31HlhKOZgdL._SY395_.jpg
814,14.9267588813,-13.2884352037,http://ecx.images-amazon.com/images/I/41b8Al-hLpL._SX342_.jpg
815,0.85649321717,-2.80754569167,http://ecx.images-amazon.com/images/I/519tqmry2kL._SY300_.jpg
816,6.1386266684,0.659811484978,http://ecx.images-amazon.com/images/I/41mvjb9g82L._SY300_.jpg
817,6.74913541587,-9.77784097701,http://ecx.images-amazon.com/images/I/51JdTa5dQSL._SX395_.jpg
818,1.10254752046,15.1904962464,http://ecx.images-amazon.com/images/I/31SHSVYfcML._SX395_.jpg
819,-13.1483531401,-4.83572409494,http://ecx.images-amazon.com/images/I/41Y6gbkYoOL._SY395_.jpg
820,16.9757956245,5.864975436,http://ecx.images-amazon.com/images/I/51fJgsxWiGL._SY445_.jpg
821,5.58157077181,-16.1521305178,http://ecx.images-amazon.com/images/I/31c9YHB09JL._SX300_.jpg
822,16.9601410181,-13.3717032762,http://ecx.images-amazon.com/images/I/41N0wkspfoL.jpg
823,-7.7912086032,-0.22862637259,http://ecx.images-amazon.com/images/I/41VOiaLEgLL._SY395_.jpg
824,-7.6626384439,17.1495647044,http://ecx.images-amazon.com/images/I/31l6WUkdEnL._SY395_.jpg
825,-9.90132535499,13.0787438308,http://ecx.images-amazon.com/images/I/41wHcT8chWL._SY445_.jpg
826,-11.0740685195,0.288561320002,http://ecx.images-amazon.com/images/I/51Uviaas5hL._SY395_.jpg
827,-3.56283040741,-0.125570502645,http://ecx.images-amazon.com/images/I/410VFKoAiAL._SY395_.jpg
828,-13.0177425786,-5.8182998157,http://ecx.images-amazon.com/images/I/41XXXVzLLcL._SY395_.jpg
829,6.76419548961,13.1048033502,http://ecx.images-amazon.com/images/I/312BXEzzipL._SX342_.jpg
830,-17.8140201416,5.93900769373,http://ecx.images-amazon.com/images/I/41%2B5CtgLpIL._SY445_.jpg
831,6.74774227899,10.5789105751,http://ecx.images-amazon.com/images/I/31OblgZWRCL._SY445_.jpg
832,0.34583561241,15.6175357021,http://ecx.images-amazon.com/images/I/41hQvYWAGJL._SY395_.jpg
833,2.35040822857,-10.1682544508,http://ecx.images-amazon.com/images/I/41UtISkgzaL._SX300_.jpg
834,-11.0365336673,13.3600701402,http://ecx.images-amazon.com/images/I/41-93DqlNJL._SX342_.jpg
835,-4.89509613181,20.0018992431,http://ecx.images-amazon.com/images/I/41C9DLz9BKL._SY395_.jpg
836,-8.82916276298,-0.166720388934,http://ecx.images-amazon.com/images/I/411YpTmhqBL._SX395_.jpg
837,-3.27412157714,19.9535689319,http://ecx.images-amazon.com/images/I/41adXTBcSrL._SY395_.jpg
838,-6.86494756999,0.447508893316,http://ecx.images-amazon.com/images/I/41BFbYXweBL._SY395_.jpg
839,-4.38854165997,-5.49909430118,http://ecx.images-amazon.com/images/I/31LnIlebDUL._SY395_.jpg
840,-2.62247217557,6.81506137606,http://ecx.images-amazon.com/images/I/31zhHL%2BAy6L._SY395_.jpg
841,1.93537004732,-15.5274992597,http://ecx.images-amazon.com/images/I/41Qwt1S4ToL._SY300_.jpg
842,8.64033787063,-6.56744193525,http://ecx.images-amazon.com/images/I/317sOqqgg3L._SX300_.jpg
843,-6.24251108219,-3.92679756579,http://ecx.images-amazon.com/images/I/41OpYYkA-DL._SY395_.jpg
844,9.69918095206,-4.11298670768,http://ecx.images-amazon.com/images/I/41bgrBtjjqL._SY300_.jpg
845,-14.4496162844,9.14117655578,http://ecx.images-amazon.com/images/I/41EaXxeWaIL._SY445_.jpg
846,20.4182933819,-4.13288779284,http://ecx.images-amazon.com/images/I/41zbQXizL0L._SX342_.jpg
847,16.8859018377,5.35718965735,http://ecx.images-amazon.com/images/I/41iCvdaIV6L._SY395_.jpg
848,17.1967412807,5.4203316363,http://ecx.images-amazon.com/images/I/51bvSG3jY5L._SY395_.jpg
849,20.3996942963,-3.86867483494,http://ecx.images-amazon.com/images/I/317gY9ztVhL._SX342_.jpg
850,-21.304488739,-5.13270279357,http://ecx.images-amazon.com/images/I/41JSrWeANHL._SX342_.jpg
851,16.1420618873,-11.1480582716,http://ecx.images-amazon.com/images/I/31QA4TKjXIL._SY445_.jpg
852,5.93350378547,-3.57847105104,http://ecx.images-amazon.com/images/I/41vWkDSB3CL._SY300_.jpg
853,12.3422239009,-8.00132384115,http://ecx.images-amazon.com/images/I/315hQ-yWWGL._SX395_.jpg
854,3.39611320726,-13.4153777795,http://ecx.images-amazon.com/images/I/41i0mgoaHKL._SY300_.jpg
855,6.10503113212,0.640622958021,http://ecx.images-amazon.com/images/I/41O2AZmlwGL._SY300_.jpg
856,-12.3012778938,12.4686508975,http://ecx.images-amazon.com/images/I/4166aGDtNaL._SY445_.jpg
857,7.44899523586,7.46585962051,http://ecx.images-amazon.com/images/I/41gf-6yExjL._SX342_.jpg
858,-18.498441178,5.46781110931,http://ecx.images-amazon.com/images/I/41GUJrdvMvL._SX342_.jpg
859,0.313872977861,-3.18498663406,http://ecx.images-amazon.com/images/I/310aAlcUbbL._SY300_.jpg
860,-6.47376549183,-6.28134058505,http://ecx.images-amazon.com/images/I/41BOh1%2BSaSL._SY395_.jpg
861,-6.58811366996,18.281174311,http://ecx.images-amazon.com/images/I/31u1nddYQZL._SY395_.jpg
862,1.52381664028,-9.0386757858,http://ecx.images-amazon.com/images/I/41gIfLSEtjL._SY300_.jpg
863,18.7799936549,-11.7994546963,http://ecx.images-amazon.com/images/I/41KkudxZ5%2BL._SX342_.jpg
864,-17.9173319784,5.96511022974,http://ecx.images-amazon.com/images/I/51zSsqBPY7L._SX342_.jpg
865,2.84611995112,-13.4058343729,http://ecx.images-amazon.com/images/I/41fxxLXVfvL._SY300_.jpg
866,10.8935830121,5.67576888862,http://ecx.images-amazon.com/images/I/41CaxdxjiML._SX342_.jpg
867,-3.55768057042,-3.71144482018,http://ecx.images-amazon.com/images/I/41Syv1brpgL._SY395_.jpg
868,-11.4295300559,14.1014112664,http://ecx.images-amazon.com/images/I/31TpiLR%2BqaL._SY445_.jpg
869,4.46413621367,-16.2005200159,http://ecx.images-amazon.com/images/I/41zABbT5TtL._SY300_.jpg
870,10.0432629622,-6.08656343897,http://ecx.images-amazon.com/images/I/21tKp4%2BgKnL._SY445_.jpg
871,5.22882831858,-1.53243630387,http://ecx.images-amazon.com/images/I/31BgvTPNSjL.jpg
872,9.0895819096,13.7156036974,http://ecx.images-amazon.com/images/I/415u11A8EFL._SY445_.jpg
873,-6.8524743397,-0.662679309916,http://ecx.images-amazon.com/images/I/41cHxGzYpxL._SY395_.jpg
874,17.7376009214,-13.6342444609,http://ecx.images-amazon.com/images/I/51lTUA0xWdL._SX342_.jpg
875,5.25276718262,1.94349784978,http://ecx.images-amazon.com/images/I/41t7DE82HYL._SY300_.jpg
876,-10.7257118702,3.09879765903,http://ecx.images-amazon.com/images/I/51syn9W5SxL._SY395_.jpg
877,17.2609369479,-12.0784531016,http://ecx.images-amazon.com/images/I/315LOmqijhL._SY445_.jpg
878,6.60368742386,7.77930643174,http://ecx.images-amazon.com/images/I/411jpWpQXrL._SY300_.jpg
879,15.2385597909,-0.173638948662,http://ecx.images-amazon.com/images/I/31EDEfOUvGL.jpg
880,5.2761588599,-10.264866671,http://ecx.images-amazon.com/images/I/41Fqcg1n6eL._SX342_.jpg
881,-6.1866670266,17.3887855969,http://ecx.images-amazon.com/images/I/31u-GonNNpL._SY395_.jpg
882,5.99727891197,-3.2592289441,http://ecx.images-amazon.com/images/I/41%2BptzKdEXL._SX300_.jpg
883,-14.3011422837,-2.96861499781,http://ecx.images-amazon.com/images/I/51fZJWb08dL._SY395_.jpg
884,15.0168037568,5.01278807629,http://ecx.images-amazon.com/images/I/41O4kyNtxvL._SX342_.jpg
885,4.49694364397,-12.3367850107,http://ecx.images-amazon.com/images/I/413jilIWgTL._SX300_.jpg
886,6.93818446815,1.89966310093,http://ecx.images-amazon.com/images/I/41FPh3udvWL._SY300_.jpg
887,11.2261695917,1.45371168754,http://ecx.images-amazon.com/images/I/31XpGq1TFmL._SY300_.jpg
888,3.0283906883,-17.6193692155,http://ecx.images-amazon.com/images/I/41lidM36r0L._SY300_.jpg
889,2.54819987771,-17.0445655435,http://ecx.images-amazon.com/images/I/41%2BfOBOwy4L._SY300_.jpg
890,12.5465949382,-1.1148391778,http://ecx.images-amazon.com/images/I/41CCZY2vfqL._SY300_.jpg
891,-11.4410848467,13.9341832924,http://ecx.images-amazon.com/images/I/41BCjmHwc6L._SX342_.jpg
892,-4.64792102224,-6.96352186148,http://ecx.images-amazon.com/images/I/41h929GWZ5L._SY395_.jpg
893,-8.58589840475,4.68750222514,http://ecx.images-amazon.com/images/I/41hsO6tK7-L._SY395_.jpg
894,-3.05334182592,-13.365975739,http://ecx.images-amazon.com/images/I/413XtfRvnqL._SY300_.jpg
895,16.3378910576,-12.6630360924,http://ecx.images-amazon.com/images/I/41z%2B1yruRXL._SY445_.jpg
896,-0.616643971658,-10.6590068794,http://ecx.images-amazon.com/images/I/41CHoyRqPrL._SY300_.jpg
897,0.255785783746,-12.2752881092,http://ecx.images-amazon.com/images/I/41-1gWV92zL._SY300_.jpg
898,16.927160998,6.34877989289,http://ecx.images-amazon.com/images/I/41T1qbxY-uL._SY395_.jpg
899,7.92397329218,-2.63058689336,http://ecx.images-amazon.com/images/I/41MVM%2Bvm1xL._SY300_.jpg
900,2.4037516963,-10.9271259611,http://ecx.images-amazon.com/images/I/31S-73BgrOL._SX300_.jpg
901,6.74017594521,-0.936506842999,http://ecx.images-amazon.com/images/I/41bevMLOoZL._SY300_.jpg
902,2.67270226298,-2.9451155653,http://ecx.images-amazon.com/images/I/41TdbHDRyzL._SY300_.jpg
903,10.7432002869,0.678127856213,http://ecx.images-amazon.com/images/I/412U5gM3hvL._SY300_.jpg
904,2.06649109122,-2.68566265401,http://ecx.images-amazon.com/images/I/41J0VJTzHqL._SY300_.jpg
905,6.32981028741,-5.92413654064,http://ecx.images-amazon.com/images/I/41YJ84UuXLL._SX342_.jpg
906,8.79163610147,-16.0895260102,http://ecx.images-amazon.com/images/I/31gX6mnF9yL._SY300_.jpg
907,-1.57117909981,-10.5924716382,http://ecx.images-amazon.com/images/I/4181wX3qA%2BL._SY300_.jpg
908,0.735744420209,14.9096155695,http://ecx.images-amazon.com/images/I/51qYPDLeT0L._SY395_.jpg
909,-20.7276038887,-5.19008054545,http://ecx.images-amazon.com/images/I/41JsESf5NuL._SX342_.jpg
910,6.52956873931,-14.9106630729,http://ecx.images-amazon.com/images/I/31dyUNt9MmL._SY300_.jpg
911,0.13847864778,14.9829493113,http://ecx.images-amazon.com/images/I/51l4BS2SBEL._SY395_.jpg
912,-5.35769718703,-3.71937357541,http://ecx.images-amazon.com/images/I/31gM-R3OQ-L._SX395_.jpg
913,14.3457392212,-3.97177300272,http://ecx.images-amazon.com/images/I/31ZZMPzT%2BYL._SX300_.jpg
914,10.8727705574,14.5501646346,http://ecx.images-amazon.com/images/I/41nyGUX6VTL._SY445_.jpg
915,8.95145286272,9.96896910068,http://ecx.images-amazon.com/images/I/41syHmC4eLL._SY445_.jpg
916,-8.05708067536,16.2806926853,http://ecx.images-amazon.com/images/I/31Gc679oA%2BL._SY395_.jpg
917,14.2052030828,4.1863002354,http://ecx.images-amazon.com/images/I/51lSDy1-%2BHL._SX342_.jpg
918,-2.691587152,9.22209375448,http://ecx.images-amazon.com/images/I/41ML8S6BicL._SY395_.jpg
919,12.2877173979,-7.87697065397,http://ecx.images-amazon.com/images/I/41tlZvRMw%2BL._SX342_.jpg
920,17.6465336639,-8.80367985326,http://ecx.images-amazon.com/images/I/41WMvkNpkAL._SY445_.jpg
921,7.4535265031,-2.99513642232,http://ecx.images-amazon.com/images/I/51rq%2B68fcxL._SY300_.jpg
922,-0.391277955775,-6.0186751744,http://ecx.images-amazon.com/images/I/418uvn386CL._SX300_.jpg
923,-11.3149692068,13.3309050125,http://ecx.images-amazon.com/images/I/3103o%2Bm%2BzEL._SX342_.jpg
924,-4.3139571304,1.17039475293,http://ecx.images-amazon.com/images/I/41ggwlrylML._SY395_.jpg
925,5.17496200453,-1.87351307018,http://ecx.images-amazon.com/images/I/51-Ce1OhwxL._SY300_.jpg
926,-2.46109818379,13.4431227164,http://ecx.images-amazon.com/images/I/51Zr1wO07cL._SY395_.jpg
927,-12.0933543624,-2.06569331245,http://ecx.images-amazon.com/images/I/41NkmDiQNtL._SY395_.jpg
928,4.50393729001,-8.56871444344,http://ecx.images-amazon.com/images/I/51HuVANgW9L._SY300_.jpg
929,-11.4289734021,3.29944904868,http://ecx.images-amazon.com/images/I/41u18sK7k%2BL._SY395_.jpg
930,-9.09052301119,0.507036635424,http://ecx.images-amazon.com/images/I/41pUcKxZaBL._SY395_.jpg
931,-2.21606480846,19.0630619232,http://ecx.images-amazon.com/images/I/31-FfxfoprL._SY395_.jpg
932,7.3153041743,-9.52592345848,http://ecx.images-amazon.com/images/I/41DQh2u-yFL._SX300_.jpg
933,7.24424056546,-11.9855298071,http://ecx.images-amazon.com/images/I/4140ZzB-b3L._SY300_.jpg
934,2.17543520814,-1.66580162703,http://ecx.images-amazon.com/images/I/51EHFzVgtfL._SY300_.jpg
935,-2.56071305108,-13.5670103285,http://ecx.images-amazon.com/images/I/41uu4A2PZ0L._SY300_.jpg
936,-1.41858070608,3.36565258292,http://ecx.images-amazon.com/images/I/51ITXov8leL._SX342_.jpg
937,-15.6534440651,-3.22372715883,http://ecx.images-amazon.com/images/I/41s1Nyjj9CL._SY395_.jpg
938,-3.06442584763,16.0094651409,http://ecx.images-amazon.com/images/I/414qQNtpMTL._SY395_.jpg
939,2.79317008171,-5.06353530182,http://ecx.images-amazon.com/images/I/31GM8YhCmWL.jpg
940,6.83887597567,1.4551659447,http://ecx.images-amazon.com/images/I/41Cb%2BZ%2BkU3L._SY300_.jpg
941,6.01412322705,-11.2079866519,http://ecx.images-amazon.com/images/I/41T3IryGOLL._SY300_.jpg
942,-5.37892314385,-5.86786801112,http://ecx.images-amazon.com/images/I/31OmatwOCWL._SY395_.jpg
943,-13.4049348846,-3.33019587458,http://ecx.images-amazon.com/images/I/41NB-o%2BcZfL._SX395_.jpg
944,5.2988358661,-19.0228233038,http://ecx.images-amazon.com/images/I/31NUZnB%2BbUL._SY300_.jpg
945,15.7771772882,-11.8904953255,http://ecx.images-amazon.com/images/I/419%2BVycMK3L._SY445_.jpg
946,2.04302382009,-1.45158444281,http://ecx.images-amazon.com/images/I/51cgptczRVL._SX342_.jpg
947,14.340855521,-3.87976873486,http://ecx.images-amazon.com/images/I/41YX%2BRm5ZDL._SX300_.jpg
948,-11.916642411,-3.75477364976,http://ecx.images-amazon.com/images/I/41kxQehlIlL._SY395_.jpg
949,-10.776222757,5.10125453281,http://ecx.images-amazon.com/images/I/51Kj3l-ll7L._SY395_.jpg
950,12.7683901454,2.90627354161,http://ecx.images-amazon.com/images/I/519V8ixT6FL._SY300_.jpg
951,13.2494206229,-5.46906899736,http://ecx.images-amazon.com/images/I/41AsAfF4i7L._SY300_.jpg
952,-1.06780389569,-13.4635936825,http://ecx.images-amazon.com/images/I/51RMjUCgvwL._SY300_.jpg
953,14.2541990677,-4.70159119649,http://ecx.images-amazon.com/images/I/41FMrSM08bL._SY300_.jpg
954,6.61113841527,10.5846208564,http://ecx.images-amazon.com/images/I/512zmUcQnNL._SY300_.jpg
955,17.2155814567,6.35337996679,http://ecx.images-amazon.com/images/I/515FlzYtyNL._SX342_.jpg
956,13.1896103963,3.58139846663,http://ecx.images-amazon.com/images/I/51qR966QHOL._SY300_.jpg
957,-8.32314498048,5.62480427672,http://ecx.images-amazon.com/images/I/41hMWDSzOmL._SX395_.jpg
958,-8.66936379779,-8.5141768724,http://ecx.images-amazon.com/images/I/411bMH9ox7L._SX395_.jpg
959,-5.61016007804,13.136082348,http://ecx.images-amazon.com/images/I/41m%2BMa5HnvL._SY395_.jpg
960,14.2836464896,-3.85603747616,http://ecx.images-amazon.com/images/I/41spSWdyA6L._SX300_.jpg
961,-1.72024200289,18.0003880688,http://ecx.images-amazon.com/images/I/41IWd3fjjIL._SY395_.jpg
962,-17.9545882018,15.1460891741,http://ecx.images-amazon.com/images/I/51BNDg5InCL._SX342_.jpg
963,-5.08513199305,9.25903934201,http://ecx.images-amazon.com/images/I/51spcOBrI6L._SY395_.jpg
964,0.65718293755,-17.1436948408,http://ecx.images-amazon.com/images/I/41IqqURbFhL._SY300_.jpg
965,15.313617853,-12.8376948502,http://ecx.images-amazon.com/images/I/31x3L5uuqPL.jpg
966,-0.412683244078,-10.7708944662,http://ecx.images-amazon.com/images/I/41EO0fvsf8L._SY300_.jpg
967,10.4985961094,-12.8808213193,http://ecx.images-amazon.com/images/I/31w3APer3CL._SY300_.jpg
968,4.53382891042,-12.0005018184,http://ecx.images-amazon.com/images/I/312FXchgcjL._SY300_.jpg
969,10.3265391171,-9.43333040606,http://ecx.images-amazon.com/images/I/41W6Ik8A1gL._SY445_.jpg
970,-5.59532507811,-0.564231654694,http://ecx.images-amazon.com/images/I/41zx19UuquL._SY395_.jpg
971,-5.68800949949,18.2617045904,http://ecx.images-amazon.com/images/I/31dAvxvqi9L._SY395_.jpg
972,-11.1578272103,12.7683804992,http://ecx.images-amazon.com/images/I/31O7rPnrqaL._SX342_.jpg
973,14.3596234673,0.027893729025,http://ecx.images-amazon.com/images/I/518zNdfga6L._SX342_.jpg
974,-11.3083631825,5.48231033649,http://ecx.images-amazon.com/images/I/51XWGM%2BsPNL._SY395_.jpg
975,9.7182394851,-1.6348370322,http://ecx.images-amazon.com/images/I/41-ZOz-YWjL._SY300_.jpg
976,10.1673576078,-10.158242706,http://ecx.images-amazon.com/images/I/41FeuthzLRL._SY300_.jpg
977,13.0536159197,-5.3121212147,http://ecx.images-amazon.com/images/I/313SduRroEL._SX300_.jpg
978,-8.56966280876,18.4454798767,http://ecx.images-amazon.com/images/I/41VN01ppcnL._SY445_.jpg
979,7.97774559933,-1.38823723312,http://ecx.images-amazon.com/images/I/417mhviPNwL._SY300_.jpg
980,7.14194011891,0.430588586281,http://ecx.images-amazon.com/images/I/41%2Bp-ah8DHL._SY300_.jpg
981,-12.228437342,-2.3516273482,http://ecx.images-amazon.com/images/I/41wiCb927LL._SY395_.jpg
982,10.9838661193,3.72564427928,http://ecx.images-amazon.com/images/I/51c8i0CUkWL._SY300_.jpg
983,-7.56976149342,2.70799957576,http://ecx.images-amazon.com/images/I/41xnkVlAF5L._SY395_.jpg
984,17.5109789917,-11.562392799,http://ecx.images-amazon.com/images/I/31zAd%2BBVMoL._SX342_.jpg
985,-5.92366587028,-2.02054664441,http://ecx.images-amazon.com/images/I/31JhRsjXQQL._SY395_.jpg
986,-14.9754545742,-1.08489112928,http://ecx.images-amazon.com/images/I/417vBFlOnYL._SY395_.jpg
987,-12.1359803112,2.82755881879,http://ecx.images-amazon.com/images/I/51Vmf0mRKyL._SY395_.jpg
988,18.9538517485,-11.5432202759,http://ecx.images-amazon.com/images/I/41hyd8uaBPL._SX342_.jpg
989,2.64974109449,-8.56977124515,http://ecx.images-amazon.com/images/I/41lLDTFZUkL._SY395_.jpg
990,-7.69903829066,16.1689854433,http://ecx.images-amazon.com/images/I/31CUT92SQJL._SY395_.jpg
991,-2.86524300815,12.5021418684,http://ecx.images-amazon.com/images/I/41-D8c7I6CL._SY395_.jpg
992,0.978118094253,-10.9121248119,http://ecx.images-amazon.com/images/I/41yuKdTmrnL._SX300_.jpg
993,-6.54620751436,-0.76646485749,http://ecx.images-amazon.com/images/I/41yCRLAO1bL._SY395_.jpg
994,0.607066237441,0.752894867649,http://ecx.images-amazon.com/images/I/51-MuGIvR2L._SX395_.jpg
995,-5.03918718265,-4.67584709861,http://ecx.images-amazon.com/images/I/31pp5%2BZRurL.jpg
996,0.823320659412,-12.7250918693,http://ecx.images-amazon.com/images/I/41rKTzlrOrL._SY300_.jpg
997,-8.15161995726,17.577641702,http://ecx.images-amazon.com/images/I/31gnEOu-wVL._SY395_.jpg
998,10.0442841057,5.70442343633,http://ecx.images-amazon.com/images/I/51m6Yh9HbUL._SX395_.jpg
999,-14.2279322391,0.7120202316,http://ecx.images-amazon.com/images/I/41EAOivi2LL._SY395_.jpg
